-- MySQL dump 10.13  Distrib 5.1.73, for redhat-linux-gnu (x86_64)
--
-- Host: localhost    Database: baptistedixneuf
-- ------------------------------------------------------
-- Server version	5.1.73

/*!40101 SET @OLD_CHARACTER_SET_CLIENT=@@CHARACTER_SET_CLIENT */;
/*!40101 SET @OLD_CHARACTER_SET_RESULTS=@@CHARACTER_SET_RESULTS */;
/*!40101 SET @OLD_COLLATION_CONNECTION=@@COLLATION_CONNECTION */;
/*!40101 SET NAMES utf8 */;
/*!40103 SET @OLD_TIME_ZONE=@@TIME_ZONE */;
/*!40103 SET TIME_ZONE='+00:00' */;
/*!40014 SET @OLD_UNIQUE_CHECKS=@@UNIQUE_CHECKS, UNIQUE_CHECKS=0 */;
/*!40014 SET @OLD_FOREIGN_KEY_CHECKS=@@FOREIGN_KEY_CHECKS, FOREIGN_KEY_CHECKS=0 */;
/*!40101 SET @OLD_SQL_MODE=@@SQL_MODE, SQL_MODE='NO_AUTO_VALUE_ON_ZERO' */;
/*!40111 SET @OLD_SQL_NOTES=@@SQL_NOTES, SQL_NOTES=0 */;

--
-- Table structure for table `categorys`
--

DROP TABLE IF EXISTS `categorys`;
/*!40101 SET @saved_cs_client     = @@character_set_client */;
/*!40101 SET character_set_client = utf8 */;
CREATE TABLE `categorys` (
  `id` int(11) NOT NULL AUTO_INCREMENT,
  `name_category` varchar(255) NOT NULL,
  `slug` varchar(255) NOT NULL,
  `online` int(11) NOT NULL,
  PRIMARY KEY (`id`)
) ENGINE=MyISAM AUTO_INCREMENT=45 DEFAULT CHARSET=utf8;
/*!40101 SET character_set_client = @saved_cs_client */;

--
-- Dumping data for table `categorys`
--

LOCK TABLES `categorys` WRITE;
/*!40000 ALTER TABLE `categorys` DISABLE KEYS */;
INSERT INTO `categorys` VALUES (20,'Actualité Techno','actu-techno',1),(19,'Design','design',1),(16,'Vidéos','videos',1),(18,'WTF','wtf',1),(17,'Développement Informatique','developpement-informatique',1),(21,'HTML5/CSS3','html5-css3',1),(22,'PHP','php',1),(23,'Javascript','javascript',1),(24,'SublimeText','sublimetext',1),(25,'Tutoriel','tutoriel',1),(26,'Android','android',1),(27,'Photo','photo',1),(28,'Projet_Soutenu','projetsoutenu',1),(34,'Humour','humour',1),(33,'Vie_des_codeurs','vie-des-codeurs',1),(35,'SQL','sql',1),(36,'python','python',1),(37,'blog','blog',1),(38,'Interview','interview',1),(39,'Droit-Législation ','droit-legislation',1),(40,'SEO','seo',1),(41,'Gestion de Projet','gestion-de-projet',1),(42,'Article','article',1),(43,'Projet Intéressant','projet-a-suivre',1),(44,'Mooc','mooc',1);
/*!40000 ALTER TABLE `categorys` ENABLE KEYS */;
UNLOCK TABLES;

--
-- Table structure for table `configs`
--

DROP TABLE IF EXISTS `configs`;
/*!40101 SET @saved_cs_client     = @@character_set_client */;
/*!40101 SET character_set_client = utf8 */;
CREATE TABLE `configs` (
  `id` int(11) NOT NULL AUTO_INCREMENT,
  `name` varchar(255) DEFAULT NULL,
  `value` varchar(255) DEFAULT NULL,
  PRIMARY KEY (`id`),
  UNIQUE KEY `name_UNIQUE` (`name`)
) ENGINE=MyISAM DEFAULT CHARSET=utf8;
/*!40101 SET character_set_client = @saved_cs_client */;

--
-- Dumping data for table `configs`
--

LOCK TABLES `configs` WRITE;
/*!40000 ALTER TABLE `configs` DISABLE KEYS */;
/*!40000 ALTER TABLE `configs` ENABLE KEYS */;
UNLOCK TABLES;

--
-- Table structure for table `links`
--

DROP TABLE IF EXISTS `links`;
/*!40101 SET @saved_cs_client     = @@character_set_client */;
/*!40101 SET character_set_client = utf8 */;
CREATE TABLE `links` (
  `id` int(11) NOT NULL AUTO_INCREMENT,
  `link` text NOT NULL,
  `date` date NOT NULL,
  `content` text NOT NULL,
  `description` text NOT NULL,
  `online` int(11) NOT NULL,
  PRIMARY KEY (`id`)
) ENGINE=MyISAM AUTO_INCREMENT=76 DEFAULT CHARSET=utf8;
/*!40101 SET character_set_client = @saved_cs_client */;

--
-- Dumping data for table `links`
--

LOCK TABLES `links` WRITE;
/*!40000 ALTER TABLE `links` DISABLE KEYS */;
INSERT INTO `links` VALUES (16,'http://flatuicolors.com/','2014-08-18','<img src=\"http://baptistedixneuf.fr/images/Capture-flatuicolors_com.jpg\" alt=\"\">','',1),(15,'http://la-cascade.ghost.io/une-liste-de-raccourcis-emmet/','2014-08-18','<img src=\"http://baptistedixneuf.fr/images/Capture-la-cascade_ghost_io_une-liste-de-raccourcis-emmet.jpg\" alt=\"\">','',1),(17,'http://color.hailpixel.com/','2014-08-18','<img src=\"http://baptistedixneuf.fr/images/Capture-color_hailpixel_com_%232B256F%2c79D28C%2c1B1109%2cBABDE8%2c71C3D0%2c.jpg\" alt=\"\">','',1),(18,'https://www.udacity.com/course/ud853','2014-08-18','<img src=\"http://baptistedixneuf.fr/images/Capture-www_udacity_com_course_ud853.jpg\" alt=\"\">','',1),(20,'https://imgur.com/','2014-08-18','<img src=\"http://baptistedixneuf.fr/images/Capture-imgur_com.jpg\" alt=\"\">','',1),(24,'http://blog.smarchal.com/guide-installation-sass-avec-sublime-text-3','2014-08-18','<img src=\"http://baptistedixneuf.fr/images/Capture-blog_smarchal_com_guide-installation-sass-avec-sublime-text-3.jpg\" alt=\"\">','',1),(21,'http://www.webisn.byethost5.com/','2014-08-18','<img src=\"http://baptistedixneuf.fr/images/Capture-www_webisn_byethost5_com.jpg\" alt=\"\">','',1),(22,'http://www.nextinpact.com/','2014-08-18','<img src=\"http://baptistedixneuf.fr/images/Capture-www_nextinpact_com.jpg\" alt=\"\">','',1),(23,'http://www.numerama.com/','2014-08-18','<img src=\"http://baptistedixneuf.fr/images/Capture-www_numerama_com.jpg\" alt=\"numerama\">','',1),(25,'http://dreamvids.fr/','2014-08-18','<img src=\"http://baptistedixneuf.fr/images/Capture-dreamvids_fr.jpg\" alt=\"\">','',1),(26,'http://zestedesavoir.com/','2014-08-18','<img src=\"http://baptistedixneuf.fr/images/Capture-zestedesavoir_com.jpg\" alt=\"\">','',1),(27,'http://beautifulopen.com/','2014-08-19','<img src=\"http://baptistedixneuf.fr/images/Capture-beautifulopen_com.jpg\" alt=\"\">','',1),(28,'http://www.commitstrip.com/','2014-08-20','<img src=\"http://baptistedixneuf.fr/images/Capture-www_commitstrip_com.jpg\" alt=\"www_commitstrip_com\"><div><br></div>','',1),(29,'http://code-de-porc.tumblr.com/','2014-08-20','<img src=\"http://baptistedixneuf.fr/images/Capture-code-de-porc_tumblr_com.jpg\" alt=\"\">','',1),(30,'http://www.grafikart.fr/','2014-08-20','<img src=\"http://baptistedixneuf.fr/images/Capture-www_grafikart_fr.jpg\" alt=\"www_grafikart_fr\">','',1),(31,'http://fr.openclassrooms.com/','2014-09-15','<img src=\"http://baptistedixneuf.fr/images/Capture-fr_openclassrooms_com.jpg\" alt=\"\">','',1),(32,'http://www.iooner.me/','2014-08-20','<img src=\"http://baptistedixneuf.fr/images/Capture-www_iooner_me.jpg\" alt=\"\">','',1),(33,'http://techmeup.co/','2014-08-21','<img src=\"http://baptistedixneuf.fr/images/Capture-techmeup_co.jpg\" alt=\"\">','',1),(34,'http://www.wifeo.com/code/','2014-08-27','<img src=\"http://baptistedixneuf.fr/images/Capture-www_wifeo_com_code.jpg\" alt=\"\">','',1),(35,'http://uilang.com/','2014-09-02','<img src=\"http://baptistedixneuf.fr/images/Capture-uilang_com.jpg\" alt=\"\">','',1),(36,'http://kiosque.leditiondusoir.fr/data/313/reader/reader.html#preferred/1/package/313/pub/314/page/10','2014-09-03','<img src=\"http://baptistedixneuf.fr/images/Capture-kiosque_leditiondusoir_fr_data_313_reader_reader_html%23preferred_1_package_313_pub_314_page_10.jpg\" alt=\"\">','',1),(37,'https://www.cookiechoices.org/','2014-09-03','<img src=\"http://baptistedixneuf.fr/images/Capture-www_cookiechoices_org_%23resources.jpg\" alt=\"\">','',1),(46,'http://60canards.com/publications/outil-gratuit/30-techniques-strategie-de-contenus-web.pdf','2014-09-07','<img src=\"http://baptistedixneuf.fr/images/link/image1410116294362.png\" alt=\"\">','APPRENDRE LA STRATÉGIE DE CONTENU WEB/ &nbsp;30 fiches didactiques à télécharger librement:',1),(45,'http://uigradients.com/','2014-09-07','<img src=\"http://baptistedixneuf.fr/images/link/image1410107168067.png\" alt=\"\">','Générateur de Gradient CSS',1),(47,'http://www.devv.tv/','2014-09-13','<img src=\"http://baptistedixneuf.fr/images/link/image1410623604188.png\" alt=\"\">','Plateforme de Streaming dédié au code',1),(48,'https://chatgrape.com/','2014-09-13','<img src=\"http://baptistedixneuf.fr/images/link/image1410623870758.png\" alt=\"\">','Tchat Intelligent pour votre équipe',1),(49,'https://producteev.com/','2014-09-13','<img src=\"http://baptistedixneuf.fr/images/link/image1410624026022.png\" alt=\"\">','Logicel de gestion de projet pour votre équipe',1),(50,'https://github.com/','2014-09-13','<img src=\"http://baptistedixneuf.fr/images/link/image1410624224950.png\" alt=\"\">','Service web d\'hébergement et de gestion de développement de logiciels',1),(51,'https://bitbucket.org/','2014-09-13','<img src=\"http://baptistedixneuf.fr/images/link/image1410624509197.png\" alt=\"\">','Hébergement web de projet Git privée gratuit',1),(52,'http://www.cnet.com/news/googles-web-video-ambitions-run-into-industry-reality/','2014-09-13','<img src=\"http://baptistedixneuf.fr/images/link/image1410633090997.png\" alt=\"\">','Codec Video VP de Google',1),(53,'http://thenounproject.com/','2014-09-13','<img src=\"http://baptistedixneuf.fr/images/link/image1410635219747.png\" alt=\"\">','Bibliothèque de pictogramme',1),(54,'https://github.com/paypal/accessible-html5-video-player/','2014-09-13','<img src=\"http://baptistedixneuf.fr/images/link/image1410636553156.png\" alt=\"\">','Video Player&nbsp;HTML5&nbsp;Accessible&nbsp;',1),(55,'http://codecondo.com/','2014-09-13','<img src=\"http://baptistedixneuf.fr/images/link/image1410643119782.png\" alt=\"\">','Blog',1),(56,'http://www.hteumeuleu.fr/','2014-09-14','<img src=\"http://baptistedixneuf.fr/images/link/image1410695946424.png\" alt=\"\">','',1),(57,'https://www.coursera.org/','2014-09-15','<img src=\"http://baptistedixneuf.fr/images/link/image1410817172017.png\" alt=\"\">','Plateforme de Mooc',1),(58,'https://www.udacity.com/','2014-09-15','<img src=\"http://baptistedixneuf.fr/images/link/image1410817218611.png\" alt=\"\">','Plateforme de MOOC',1),(59,'https://www.edx.org/','2014-09-15','<img src=\"http://baptistedixneuf.fr/images/link/image1410817261499.png\" alt=\"\">','Plateforme de MOOC',1),(60,'http://www.codecademy.com/fr','2014-09-15','<img src=\"http://baptistedixneuf.fr/images/link/image1410817299966.png\" alt=\"\">','Plateforme de MOOC',1),(61,'http://ionicframework.com/','2014-09-17','<img src=\"http://baptistedixneuf.fr/images/link/image1410974276694.png\" alt=\"\">','Développement d\'applications mobiles hybrides avec HTML5.',1),(63,'https://www.netflix.com/','2014-09-20','<img src=\"http://baptistedixneuf.fr/images/link/image1411232226366.png\" alt=\"\">','Netflix est une entreprise américaine proposant des films et séries télévisées en flux continu sur Internet',1),(64,'https://www.apple.com/fr/iphone-6/','2014-09-20','<img src=\"http://baptistedixneuf.fr/images/link/image1411232430040.png\" alt=\"\">','<div>L\'iPhone 6 est la 8e génération du smartphone de la société Apple. Sa présentation s\'est faite le 9 septembre 2014, lors d\'une keynote à Cupertino en même temps que l\'iPhone 6 Plus</div><div><br></div>',1),(65,'http://www.apple.com/fr/watch/','2014-09-20','<img src=\"http://baptistedixneuf.fr/images/link/image1411233042779.png\" alt=\"\">','L\'Apple Watch est une montre connectée d\'Apple, dévoilée le 9 septembre 2014, disponible début 2015',1),(66,'https://www.codeschool.com/courses/mastering-github','2014-09-22','<img src=\"http://baptistedixneuf.fr/images/link/image1411418582198.png\" alt=\"\">','Apprendre à utiliser Github',1),(67,'http://codepen.io/','2014-09-23','<img src=\"http://baptistedixneuf.fr/images/link/image1411502799930.png\" alt=\"\">','Réalisation artistique avec du code',1),(68,'https://devart.withgoogle.com/fr','2014-09-23','<img src=\"http://baptistedixneuf.fr/images/link/image1411502910830.png\" alt=\"\">','Découvrez ce que le développeurs peuvent réaliser lorsqu\'ils repoussent les limites créatives du code.',1),(69,'http://exercism.io/','2014-09-23','<img src=\"http://baptistedixneuf.fr/images/link/image1411504484410.png\" alt=\"\">','<p style=\"box-sizing: border-box; margin-bottom: 16px; font-family: \'Helvetica Neue\', Helvetica, \'Segoe UI\', Arial, freesans, sans-serif; font-size: 16px; line-height: 25.6000003814697px;\"><font style=\"box-sizing: border-box;\">Il s\'agit d\'un processus en deux parties:</font></p><ul class=\"task-list\" style=\"box-sizing: border-box; padding-left: 2em; margin-bottom: 16px; font-family: \'Helvetica Neue\', Helvetica, \'Segoe UI\', Arial, freesans, sans-serif; font-size: 16px; line-height: 25.6000003814697px;\"><li style=\"box-sizing: border-box;\"><font style=\"box-sizing: border-box;\">la pratique (l\'écriture de code, itération)</font></li><li style=\"box-sizing: border-box;\"><font style=\"box-sizing: border-box;\">tatillon (regardant le code, fournissant un aperçu et poser des questions)</font></li></ul><p style=\"box-sizing: border-box; margin-bottom: 16px; font-family: \'Helvetica Neue\', Helvetica, \'Segoe UI\', Arial, freesans, sans-serif; font-size: 16px; line-height: 25.6000003814697px;\"><font style=\"box-sizing: border-box;\">Il ne s\'agit pas de faire un code parfait ou la droite, mais en utilisant les morceaux de code pour parler des petits détails de ce qui rend le code simple, lisible, et / ou expressive.</font></p>',1),(70,'http://korben.info/','2014-09-23','<img src=\"http://baptistedixneuf.fr/images/link/image1411505400569.png\" alt=\"\">','',1),(71,'https://www.codeschool.com/','2014-09-23','<img src=\"http://baptistedixneuf.fr/images/link/image1411505776814.png\" alt=\"\">','<br>',1),(72,'http://devdocs.io/','2014-09-23','<img src=\"http://baptistedixneuf.fr/images/link/image1411509390277.png\" alt=\"\">','<span style=\"color: rgb(0, 0, 0); font-family: proxima-nova, \'Proxima Nova\', sans-serif; font-size: 16px; line-height: normal; background-color: rgb(253, 247, 234);\">DevDocs combines multiple API documentations.</span>',1),(73,'http://bootswatch.com/sandstone/','2014-09-24','<img src=\"http://baptistedixneuf.fr/images/link/image1411509664172.png\" alt=\"\">','<span style=\"color: rgb(0, 0, 0); font-family: proxima-nova, \'Proxima Nova\', sans-serif; font-size: 16px; line-height: normal; background-color: rgb(253, 247, 234);\">grands thèmes gratuite Looking for Bootstrap</span><br>',1),(75,'','0000-00-00','','',-1),(74,'http://ui-cloud.com/browse/?sort=2','2014-09-24','<img src=\"http://baptistedixneuf.fr/images/link/image1411509711725.png\" alt=\"\">','La plus grande base de données de conception de l\'interface utilisateur dans le monde',1);
/*!40000 ALTER TABLE `links` ENABLE KEYS */;
UNLOCK TABLES;

--
-- Table structure for table `links_categorys`
--

DROP TABLE IF EXISTS `links_categorys`;
/*!40101 SET @saved_cs_client     = @@character_set_client */;
/*!40101 SET character_set_client = utf8 */;
CREATE TABLE `links_categorys` (
  `id` int(11) NOT NULL AUTO_INCREMENT,
  `link_id` int(11) NOT NULL,
  `category_id` int(11) NOT NULL,
  PRIMARY KEY (`id`)
) ENGINE=MyISAM AUTO_INCREMENT=160 DEFAULT CHARSET=utf8;
/*!40101 SET character_set_client = @saved_cs_client */;

--
-- Dumping data for table `links_categorys`
--

LOCK TABLES `links_categorys` WRITE;
/*!40000 ALTER TABLE `links_categorys` DISABLE KEYS */;
INSERT INTO `links_categorys` VALUES (74,24,17),(69,18,25),(64,17,19),(61,15,24),(62,16,19),(60,15,17),(56,21,17),(73,20,27),(72,20,18),(54,22,20),(55,23,20),(57,21,21),(58,21,22),(59,21,23),(63,16,17),(65,17,17),(68,18,17),(70,18,26),(75,24,24),(76,25,28),(77,26,17),(78,26,21),(79,26,22),(80,26,23),(81,26,25),(82,26,26),(83,26,28),(84,27,19),(87,28,33),(88,29,18),(89,29,34),(90,29,33),(106,30,25),(105,30,24),(104,30,23),(103,30,22),(102,30,21),(101,30,17),(143,61,26),(142,61,21),(141,31,44),(140,31,25),(109,32,20),(110,32,37),(111,33,33),(112,33,37),(113,33,38),(114,34,19),(115,34,21),(116,35,19),(117,35,21),(119,36,20),(124,37,39),(123,37,23),(125,45,19),(126,45,21),(127,46,40),(128,48,41),(129,49,41),(130,50,41),(131,51,41),(132,52,42),(133,53,19),(134,54,43),(135,55,37),(136,57,44),(137,58,44),(138,59,44),(139,60,44),(144,63,20),(145,64,20),(146,65,20),(147,66,41),(148,67,19),(149,67,21),(150,68,19),(151,68,21),(152,69,44),(153,70,20),(154,71,44),(155,72,17),(159,73,19),(158,74,19);
/*!40000 ALTER TABLE `links_categorys` ENABLE KEYS */;
UNLOCK TABLES;

--
-- Table structure for table `medias`
--

DROP TABLE IF EXISTS `medias`;
/*!40101 SET @saved_cs_client     = @@character_set_client */;
/*!40101 SET character_set_client = utf8 */;
CREATE TABLE `medias` (
  `id` int(11) NOT NULL AUTO_INCREMENT,
  `name` varchar(255) DEFAULT NULL,
  `file` varchar(255) DEFAULT NULL,
  `post_id` int(11) DEFAULT NULL,
  `type` varchar(255) DEFAULT NULL,
  PRIMARY KEY (`id`),
  KEY `fk_medias_posts_idx` (`post_id`)
) ENGINE=MyISAM AUTO_INCREMENT=34 DEFAULT CHARSET=utf8;
/*!40101 SET character_set_client = @saved_cs_client */;

--
-- Dumping data for table `medias`
--

LOCK TABLES `medias` WRITE;
/*!40000 ALTER TABLE `medias` DISABLE KEYS */;
INSERT INTO `medias` VALUES (31,'Expérience professionnelle','2014-03/Expérience professionnelle.png',1,'img'),(30,'Compétences professionnelles','2014-03/Compétences professionnelles.png',1,'img'),(29,'formation','2014-03/formation.png',1,'img'),(28,'tu sors','2014-03/3yed2r.jpg',32,'img'),(27,'bienvenue','2014-03/Strips-Education-codée-600-final.jpg',32,'img');
/*!40000 ALTER TABLE `medias` ENABLE KEYS */;
UNLOCK TABLES;

--
-- Table structure for table `pages`
--

DROP TABLE IF EXISTS `pages`;
/*!40101 SET @saved_cs_client     = @@character_set_client */;
/*!40101 SET character_set_client = utf8 */;
CREATE TABLE `pages` (
  `id` int(11) NOT NULL AUTO_INCREMENT,
  `name` varchar(255) CHARACTER SET utf8 DEFAULT NULL,
  `content` text CHARACTER SET utf8,
  `created` datetime DEFAULT NULL,
  `online` int(11) DEFAULT NULL,
  `menu` int(11) NOT NULL,
  `slug` varchar(255) CHARACTER SET utf8 DEFAULT NULL,
  `type` varchar(255) CHARACTER SET utf8 NOT NULL,
  `user_id` int(11) DEFAULT NULL,
  PRIMARY KEY (`id`)
) ENGINE=InnoDB AUTO_INCREMENT=21 DEFAULT CHARSET=latin1;
/*!40101 SET character_set_client = @saved_cs_client */;

--
-- Dumping data for table `pages`
--

LOCK TABLES `pages` WRITE;
/*!40000 ALTER TABLE `pages` DISABLE KEYS */;
INSERT INTO `pages` VALUES (1,'Curriculum Vitae ','<p><strong>DIXNEUF Baptiste</strong><br>21, Rue des Tulipiers<br>44330 Vallet<br><strong>Tél:</strong> 06.26.12.69.20<br><strong>Mail :</strong> <a href=\"mailto:baptiste.dixneuf@gmail.com\">baptiste.dixneuf@gmail.com</a><br>18 ans (30/09/1995)</p>\r\n<h3><img src=\"http://baptistedixneuf.fr/images/formation.png\" style=\"font-size: 14px; line-height: 20px;\"> <span>Formation</span></h3>\r\n<h4>Actuellement</h4>\r\n<ul>\r\n<li><strong>Joliverie - </strong>St Sébastien sur Loire<br>1ère Année de Brevet Technicien Supérieur « Services Informatiques aux Organisations »</li>\r\n</ul>\r\n<h4>2010-2013</h4>\r\n<ul>\r\n<li><strong>Lycée Charles Péguy - </strong>Gorges<br>Baccalauréat Scientifique option « Informatique et Sciences du Numérique » mention « Assez Bien »</li>\r\n</ul>\r\n<h4> <img src=\"http://baptistedixneuf.fr/images/Compétences professionnelles.png\" style=\"font-size: 14px; line-height: 20px;\"><span style=\"font-family: inherit; font-size: 38.5px;\"> </span><span style=\"font-family: inherit; font-size: 38.5px;\">Compétences professionnelles</span></h4>\r\n<h4>Programmation</h4>\r\n<ul>\r\n<li><strong>Programmation WEB</strong> (HTML5, CSS3, PHP5, JavaScript)</li>\r\n<li>Programmation Objet (Java : JSE, Swing, JDBC)</li>\r\n<li>Environnement de développement (Netbeans, LAMP, Virtualbox)</li>\r\n<li>UML (diagramme de classes, diagramme de cas d’utilisation et scénarios)</li>\r\n<li>Merise (MCD, MLD)</li>\r\n<li>MVC</li>\r\n<li>BASE DE DONNEES (Langage SQL, MySQL, Oracle)</li>\r\n</ul>\r\n<h4>Réseau</h4>\r\n<ul>\r\n<li>Modèle (OSI, TCP, IP, NAT)</li>\r\n<li>Switchs et routeurs Cisco : installation et configuration</li>\r\n<li>Logiciel (PacketTracer, Wireshark)</li>\r\n<li>Sécurité (Firewall, Wifi Radius)</li>\r\n</ul>\r\n<h4>Langues</h4>\r\n<ul>\r\n<li>Anglais – 7 Années scolaires</li>\r\n<li>Espagnol – 5 Années scolaires</li>\r\n</ul>\r\n<h3><img src=\"http://baptistedixneuf.fr/images/Expérience professionnelle.png\" style=\"font-size: 14px; line-height: 20px;\"><span> Expérience professionnelle</span></h3><div><span><br></span></div><div><span><br></span></div>\r\n<p><b>Juillet-Août 2014</b></p><p>KUEHNE+NAGEL-Vallet</p><p>Préparateur de commandes:</p><p></p><ol><li>Opération de picking au sein des stocks</li><li>Filmage manuel des palettes<br></li><li>Contrôle et port de charges lourdes</li></ol><div><br></div><div><b>JUIN 2014 - STAGE</b></div><div>GLADYS - Reseau Social d\'Entreprise ( Vertou)</div><div>Mise en place d\'un système permettant l\'affichage du site gladys.com en plusieurs langues</div><div><ol><li>Travail en autonomie</li><li>Travail Technique sur les langages web: &nbsp;PHP,MYSQL,HTML5,CSS3,JQUERY</li><li>Respect des procédures de l\'entreprise</li></ol></div><div><br></div><div><b>1 DIMANCHE SUR 3 DEPUIS SEPTEMBRE 2014</b></div><div>KUEHNE+NAGEL-Vallet<b><br></b></div><div>Manutentionnaire:<br></div><div><ol><li>Contrôle de température de frigo</li><li>Manutention</li><li>Port de charges</li></ol></div><p></p><p></p><div><br></div><p></p>','2014-10-06 09:39:31',1,1,'cv-dixneuf-baptiste','page',0),(2,'Lettre de Motivation','<p><strong>DIXNEUF Baptiste</strong><br>21, Rue des Tulipiers<br>44330 Vallet<br><strong>Tél:</strong>&nbsp;06.26.12.69.20<br><strong>Mail :</strong>&nbsp;<a href=\"mailto:baptiste.dixneuf@gmail.com\">baptiste.dixneuf@gmail.com</a><br>18 ans (30/09/1995)</p>\r\n<p>&nbsp;</p>\r\n<p><strong>Objet : Demande de stage</strong></p>\r\n<p>&nbsp;</p>\r\n<p>Madame, Monsieur,</p>\r\n<p>&nbsp;Actuellement étudiant en informatique à la Joliverie, je dois effectuer dans le cadre de ma préparation au BTS «&nbsp;Services Informatiques aux Organisations&nbsp;», une période de stage en entreprise à plein temps de&nbsp;5 semaines : du 26 Mai au 27 Juin 2014.</p>\r\n<p>Cette période en entreprise doit me permettre de consolider ma formation professionnelle et mon projet personnel. Ayant acquis dans le cadre de mes études, une bonne maîtrise de certains langages de programmation ainsi que des compétences dans la gestion des systèmes d\'information, je pourrais être autonome pour réaliser des tâches que vous pourriez me confier.</p>\r\n<p>Rigoureux, méthodique et passionné de nouvelles technologies, je souhaite mettre mon dynamisme et ma polyvalence au service de votre entreprise.</p>\r\n<p>Vous trouverez ci-joint mon CV qui vous apportera quelques précisions sur mes compétences professionnelles.</p>\r\n<p>Votre entreprise m\'intéresse plus particulièrement, c’est pourquoi, je me permets de vous faire part de ma candidature, afin de mettre en pratique mes connaissances acquises tout au long de l’année et d’acquérir un début d\'expérience professionnelle.</p>\r\n<p>&nbsp;Dans l’attente de votre réponse, et me tenant à votre disposition pour tous renseignements complémentaires, je vous prie d’agréer, Madame, Monsieur, mes salutations distinguées.</p>\r\n<p>&nbsp;</p>\r\n<p>&nbsp;</p>\r\n<p>DIXNEUF Baptiste</p>\r\n<p>&nbsp;</p>\r\n<p>&nbsp;</p>','2014-07-15 06:55:52',0,0,'lettre-motivation-dixneuf-baptiste','page',NULL),(3,'Mentions Légales ','<h1>Informations l&eacute;gales</h1>\r\n<h2>1. Pr&eacute;sentation du site.</h2>\r\n<p>En vertu de l\'article 6 de la loi n&deg; 2004-575 du 21 juin 2004 pour la confiance dans l\'&eacute;conomie num&eacute;rique, il est pr&eacute;cis&eacute; aux utilisateurs du site&nbsp;<a title=\"DIXNEUF Baptiste - baptistedixneuf.fr/\" href=\"//baptistedixneuf.fr\">baptistedixneuf.fr/</a>&nbsp;l\'identit&eacute; des diff&eacute;rents intervenants dans le cadre de sa r&eacute;alisation et de son suivi :</p>\r\n<p>Propri&eacute;taire du serveur : DIXNEUF Baptiste&nbsp;<br />Cr&eacute;ateur : DIXNEUF Baptiste&nbsp;<br />Responsable publication : DIXNEUF Baptiste &ndash; baptiste.dixneuf@gmail.com<br />Le responsable publication est une personne physique ou une personne morale.<br />Webmaster :&nbsp;DIXNEUF Baptiste &ndash;&nbsp;baptiste.dixneuf@gmail.com<br />H&eacute;bergeur : OVH</p>\r\n<h2>2. Conditions g&eacute;n&eacute;rales d&rsquo;utilisation du site et des services propos&eacute;s.</h2>\r\n<p>L&rsquo;utilisation du site&nbsp;<a title=\"DIXNEUF Baptiste - baptistedixneuf.fr/\" href=\"/\">baptistedixneuf.fr/</a>&nbsp;implique l&rsquo;acceptation pleine et enti&egrave;re des conditions g&eacute;n&eacute;rales d&rsquo;utilisation ci-apr&egrave;s d&eacute;crites. Ces conditions d&rsquo;utilisation sont susceptibles d&rsquo;&ecirc;tre modifi&eacute;es ou compl&eacute;t&eacute;es &agrave; tout moment, les utilisateurs du site&nbsp;<a title=\"DIXNEUF Baptiste - baptistedixneuf.fr/\" href=\"//baptistedixneuf.fr\">baptistedixneuf.fr/</a>&nbsp;sont donc invit&eacute;s &agrave; les consulter de mani&egrave;re r&eacute;guli&egrave;re.</p>\r\n<p>Ce site est normalement accessible &agrave; tout moment aux utilisateurs. Une interruption pour raison de maintenance technique peut &ecirc;tre toutefois d&eacute;cid&eacute;e par&nbsp;<a title=\"DIXNEUF Baptiste - baptistedixneuf.fr/\" href=\"//baptistedixneuf.fr\">baptistedixneuf.fr/</a>, qui s&rsquo;efforcera alors de communiquer pr&eacute;alablement aux utilisateurs les dates et heures de l&rsquo;intervention.</p>\r\n<p>Le site&nbsp;<a title=\"DIXNEUF Baptiste - baptistedixneuf.fr/\" href=\"//baptistedixneuf.fr\">baptistedixneuf.fr/</a>&nbsp;est mis &agrave; jour r&eacute;guli&egrave;rement par DIXNEUF Baptiste . De la m&ecirc;me fa&ccedil;on, les mentions l&eacute;gales peuvent &ecirc;tre modifi&eacute;es &agrave; tout moment : elles s&rsquo;imposent n&eacute;anmoins &agrave; l&rsquo;utilisateur qui est invit&eacute; &agrave; s&rsquo;y r&eacute;f&eacute;rer le plus souvent possible afin d&rsquo;en prendre connaissance.</p>\r\n<h2>3. Description des services fournis.</h2>\r\n<p>Le site&nbsp;<a title=\"DIXNEUF Baptiste - baptistedixneuf.fr/\" href=\"//baptistedixneuf.fr\">baptistedixneuf.fr/</a>&nbsp;a pour objet de fournir une information concernant l&rsquo;ensemble des activit&eacute;s de la soci&eacute;t&eacute;.</p>\r\n<p>DIXNEUF Baptiste s&rsquo;efforce de fournir sur le site&nbsp;<a title=\"DIXNEUF Baptiste - baptistedixneuf.fr/\" href=\"//baptistedixneuf.fr\">baptistedixneuf.fr/</a>&nbsp;des informations aussi pr&eacute;cises que possible. Toutefois, il ne pourra &ecirc;tre tenue responsable des omissions, des inexactitudes et des carences dans la mise &agrave; jour, qu&rsquo;elles soient de son fait ou du fait des tiers partenaires qui lui fournissent ces informations.</p>\r\n<p>Tous les informations indiqu&eacute;es sur le site&nbsp;<a title=\"DIXNEUF Baptiste - baptistedixneuf.fr/\" href=\"//baptistedixneuf.fr\">baptistedixneuf.fr/</a>&nbsp;sont donn&eacute;es &agrave; titre indicatif, et sont susceptibles d&rsquo;&eacute;voluer. Par ailleurs, les renseignements figurant sur le site&nbsp;<a title=\"DIXNEUF Baptiste - baptistedixneuf.fr/\" href=\"//baptistedixneuf.fr\">baptistedixneuf.fr/</a>&nbsp;ne sont pas exhaustifs. Ils sont donn&eacute;s sous r&eacute;serve de modifications ayant &eacute;t&eacute; apport&eacute;es depuis leur mise en ligne.</p>\r\n<h2>4. Limitations contractuelles sur les donn&eacute;es techniques.</h2>\r\n<p>Le site utilise la technologie JavaScript.</p>\r\n<p>Le site Internet ne pourra &ecirc;tre tenu responsable de dommages mat&eacute;riels li&eacute;s &agrave; l&rsquo;utilisation du site. De plus, l&rsquo;utilisateur du site s&rsquo;engage &agrave; acc&eacute;der au site en utilisant un mat&eacute;riel r&eacute;cent, ne contenant pas de virus et avec un navigateur de derni&egrave;re g&eacute;n&eacute;ration mis-&agrave;-jour</p>\r\n<h2>5. Propri&eacute;t&eacute; intellectuelle et contrefa&ccedil;ons.</h2>\r\n<p>DIXNEUF Baptiste est propri&eacute;taire des droits de propri&eacute;t&eacute; intellectuelle ou d&eacute;tient les droits d&rsquo;usage sur tous les &eacute;l&eacute;ments accessibles sur le site, notamment les textes, images, graphismes, logo, ic&ocirc;nes, sons, logiciels.</p>\r\n<p>Toute reproduction, repr&eacute;sentation, modification, publication, adaptation de tout ou partie des &eacute;l&eacute;ments du site, quel que soit le moyen ou le proc&eacute;d&eacute; utilis&eacute;, est interdite, sauf autorisation &eacute;crite pr&eacute;alable de : DIXNEUF Baptiste .</p>\r\n<p>Toute exploitation non autoris&eacute;e du site ou de l&rsquo;un quelconque des &eacute;l&eacute;ments qu&rsquo;il contient sera consid&eacute;r&eacute;e comme constitutive d&rsquo;une contrefa&ccedil;on et poursuivie conform&eacute;ment aux dispositions des articles L.335-2 et suivants du Code de Propri&eacute;t&eacute; Intellectuelle.</p>\r\n<h2>6. Limitations de responsabilit&eacute;.</h2>\r\n<p>DIXNEUF Baptiste ne pourra &ecirc;tre tenue responsable des dommages directs et indirects caus&eacute;s au mat&eacute;riel de l&rsquo;utilisateur, lors de l&rsquo;acc&egrave;s au site DIXNEUF Baptiste , et r&eacute;sultant soit de l&rsquo;utilisation d&rsquo;un mat&eacute;riel ne r&eacute;pondant pas aux sp&eacute;cifications indiqu&eacute;es au point 4, soit de l&rsquo;apparition d&rsquo;un bug ou d&rsquo;une incompatibilit&eacute;.</p>\r\n<p>DIXNEUF Baptiste ne pourra &eacute;galement &ecirc;tre tenue responsable des dommages indirects (tels par exemple qu&rsquo;une perte de march&eacute; ou perte d&rsquo;une chance) cons&eacute;cutifs &agrave; l&rsquo;utilisation du site&nbsp;<a title=\"DIXNEUF Baptiste - baptistedixneuf.fr/\" href=\"//baptistedixneuf.fr\">baptistedixneuf.fr/</a>.</p>\r\n<p>Des espaces interactifs (possibilit&eacute; de poser des questions dans l&rsquo;espace contact) sont &agrave; la disposition des utilisateurs. DIXNEUF Baptiste se r&eacute;serve le droit de supprimer, sans mise en demeure pr&eacute;alable, tout contenu d&eacute;pos&eacute; dans cet espace qui contreviendrait &agrave; la l&eacute;gislation applicable en France, en particulier aux dispositions relatives &agrave; la protection des donn&eacute;es. Le cas &eacute;ch&eacute;ant, DIXNEUF Baptiste se r&eacute;serve &eacute;galement la possibilit&eacute; de mettre en cause la responsabilit&eacute; civile et/ou p&eacute;nale de l&rsquo;utilisateur, notamment en cas de message &agrave; caract&egrave;re raciste, injurieux, diffamant, ou pornographique, quel que soit le support utilis&eacute; (texte, photographie&hellip;).</p>\r\n<h2>7. Gestion des donn&eacute;es personnelles.</h2>\r\n<p>En France, les donn&eacute;es personnelles sont notamment prot&eacute;g&eacute;es par la loi n&deg; 78-87 du 6 janvier 1978, la loi n&deg; 2004-801 du 6 ao&ucirc;t 2004, l\'article L. 226-13 du Code p&eacute;nal et la Directive Europ&eacute;enne du 24 octobre 1995.</p>\r\n<p>A l\'occasion de l\'utilisation du site&nbsp;<a title=\"DIXNEUF Baptiste - baptistedixneuf.fr/\" href=\"//baptistedixneuf.fr\">baptistedixneuf.fr/</a>, peuvent &ecirc;tres recueillies : l\'URL des liens par l\'interm&eacute;diaire desquels l\'utilisateur a acc&eacute;d&eacute; au site&nbsp;<a title=\"DIXNEUF Baptiste - baptistedixneuf.fr/\" href=\"//baptistedixneuf.fr\">baptistedixneuf.fr/</a>, le fournisseur d\'acc&egrave;s de l\'utilisateur, l\'adresse de protocole Internet (IP) de l\'utilisateur.</p>\r\n<p>En tout &eacute;tat de cause DIXNEUF Baptiste ne collecte des informations personnelles relatives &agrave; l\'utilisateur que pour le besoin de certains services propos&eacute;s par le site&nbsp;<a title=\"DIXNEUF Baptiste - baptistedixneuf.fr/\" href=\"//baptistedixneuf.fr\">baptistedixneuf.fr/</a>. L\'utilisateur fournit ces informations en toute connaissance de cause, notamment lorsqu\'il proc&egrave;de par lui-m&ecirc;me &agrave; leur saisie. Il est alors pr&eacute;cis&eacute; &agrave; l\'utilisateur du site&nbsp;<a title=\"DIXNEUF Baptiste - baptistedixneuf.fr/\" href=\"//baptistedixneuf.fr\">baptistedixneuf.fr/</a>&nbsp;l&rsquo;obligation ou non de fournir ces informations.</p>\r\n<p>Conform&eacute;ment aux dispositions des articles 38 et suivants de la loi 78-17 du 6 janvier 1978 relative &agrave; l&rsquo;informatique, aux fichiers et aux libert&eacute;s, tout utilisateur dispose d&rsquo;un droit d&rsquo;acc&egrave;s, de rectification et d&rsquo;opposition aux donn&eacute;es personnelles le concernant, en effectuant sa demande &eacute;crite et sign&eacute;e, accompagn&eacute;e d&rsquo;une copie du titre d&rsquo;identit&eacute; avec signature du titulaire de la pi&egrave;ce, en pr&eacute;cisant l&rsquo;adresse &agrave; laquelle la r&eacute;ponse doit &ecirc;tre envoy&eacute;e.</p>\r\n<p>Aucune information personnelle de l\'utilisateur du site&nbsp;<a title=\"DIXNEUF Baptiste - baptistedixneuf.fr/\" href=\"//baptistedixneuf.fr\">baptistedixneuf.fr/</a>&nbsp;n\'est publi&eacute;e &agrave; l\'insu de l\'utilisateur, &eacute;chang&eacute;e, transf&eacute;r&eacute;e, c&eacute;d&eacute;e ou vendue sur un support quelconque &agrave; des tiers. Seule l\'hypoth&egrave;se du rachat de DIXNEUF Baptiste et de ses droits permettrait la transmission des dites informations &agrave; l\'&eacute;ventuel acqu&eacute;reur qui serait &agrave; son tour tenu de la m&ecirc;me obligation de conservation et de modification des donn&eacute;es vis &agrave; vis de l\'utilisateur du site&nbsp;<a title=\"DIXNEUF Baptiste - baptistedixneuf.fr/\" href=\"//baptistedixneuf.fr\">baptistedixneuf.fr/</a>.</p>\r\n<p>Le site n\'est pas d&eacute;clar&eacute; &agrave; la CNIL car il ne recueille pas d\'informations personnelles. .</p>\r\n<p>Les bases de donn&eacute;es sont prot&eacute;g&eacute;es par les dispositions de la loi du 1er juillet 1998 transposant la directive 96/9 du 11 mars 1996 relative &agrave; la protection juridique des bases de donn&eacute;es.</p>\r\n<h2>8. Liens hypertextes et cookies.</h2>\r\n<p>Le site&nbsp;<a title=\"DIXNEUF Baptiste - baptistedixneuf.fr/\" href=\"//baptistedixneuf.fr\">baptistedixneuf.fr/</a>&nbsp;contient un certain nombre de liens hypertextes vers d&rsquo;autres sites, mis en place avec l&rsquo;autorisation de DIXNEUF Baptiste . Cependant, DIXNEUF Baptiste n&rsquo;a pas la possibilit&eacute; de v&eacute;rifier le contenu des sites ainsi visit&eacute;s, et n&rsquo;assumera en cons&eacute;quence aucune responsabilit&eacute; de ce fait.</p>\r\n<p>La navigation sur le site&nbsp;<a title=\"DIXNEUF Baptiste - baptistedixneuf.fr/\" href=\"//baptistedixneuf.fr\">baptistedixneuf.fr/</a>&nbsp;est susceptible de provoquer l&rsquo;installation de cookie(s) sur l&rsquo;ordinateur de l&rsquo;utilisateur. Un cookie est un fichier de petite taille, qui ne permet pas l&rsquo;identification de l&rsquo;utilisateur, mais qui enregistre des informations relatives &agrave; la navigation d&rsquo;un ordinateur sur un site. Les donn&eacute;es ainsi obtenues visent &agrave; faciliter la navigation ult&eacute;rieure sur le site, et ont &eacute;galement vocation &agrave; permettre diverses mesures de fr&eacute;quentation.</p>\r\n<p>Le refus d&rsquo;installation d&rsquo;un cookie peut entra&icirc;ner l&rsquo;impossibilit&eacute; d&rsquo;acc&eacute;der &agrave; certains services. L&rsquo;utilisateur peut toutefois configurer son ordinateur de la mani&egrave;re suivante, pour refuser l&rsquo;installation des cookies :<br />Sous Internet Explorer : onglet outil / options internet. Cliquez sur Confidentialit&eacute; et choisissez Bloquer tous les cookies. Validez sur Ok.<br />Sous Netscape : onglet &eacute;dition / pr&eacute;f&eacute;rences. Cliquez sur Avanc&eacute;es et choisissez D&eacute;sactiver les cookies. Validez sur Ok.</p>\r\n<h2>9. Droit applicable et attribution de juridiction.</h2>\r\n<p>Tout litige en relation avec l&rsquo;utilisation du site&nbsp;<a title=\"DIXNEUF Baptiste - baptistedixneuf.fr/\" href=\"//baptistedixneuf.fr\">baptistedixneuf.fr/</a>&nbsp;est soumis au droit fran&ccedil;ais. Il est fait attribution exclusive de juridiction aux tribunaux comp&eacute;tents de Paris.</p>\r\n<h2>10. Les principales lois concern&eacute;es.</h2>\r\n<p>Loi n&deg; 78-87 du 6 janvier 1978, notamment modifi&eacute;e par la loi n&deg; 2004-801 du 6 ao&ucirc;t 2004 relative &agrave; l\'informatique, aux fichiers et aux libert&eacute;s.</p>\r\n<p>Loi n&deg; 2004-575 du 21 juin 2004 pour la confiance dans l\'&eacute;conomie num&eacute;rique.</p>\r\n<h2>11. Lexique.</h2>\r\n<p>Utilisateur : Internaute se connectant, utilisant le site susnomm&eacute;.</p>\r\n<p>Informations personnelles : &laquo; les informations qui permettent, sous quelque forme que ce soit, directement ou non, l\'identification des personnes physiques auxquelles elles s\'appliquent &raquo; (article 4 de la loi n&deg; 78-17 du 6 janvier 1978).</p>\r\n<h2>12. Cr&eacute;dit photos</h2>\r\n<p>L\'ensemble des images pr&eacute;sente sur le&nbsp;<a title=\"DIXNEUF Baptiste - baptistedixneuf.fr/\" href=\"//baptistedixneuf.fr\">baptistedixneuf.fr/</a>&nbsp;sont la propri&eacute;t&eacute; des &eacute;diteurs.</p>\r\n<h2>&nbsp;</h2>','2014-05-18 07:02:37',1,0,'mentions-legales','page',NULL),(4,'Tutoriels','<h1>Liste de Tutoriels</h1>\r\n<h2>Installé un serveur web:</h2>\r\n<ol>\r\n<li><a href=\"http://baptistedixneuf.fr/pages/installation-apache2-sous-debian-13\" title=\"Installation Apache 2 sous Debian\">Installation Apache 2 sous Debian</a></li>\r\n<li>En cours de rédaction ....</li>\r\n</ol>','2014-07-15 07:00:58',1,1,'turoriels','page',NULL),(8,'PPE1 - Projet Python','<h1>Cahier des charges</h1>\r\n<h2>Contexte</h2>\r\n<p style=\"text-align: justify;\">Pour être en conformité avec les obligations légales concernant la mise à disposition d’Internet, la société STESIO a mis en place un proxy pour journaliser les accès au web réalisés par ses salariés. A partir de ce journal, le responsable souhaite établir des statistiques comme :</p>\r\n<ul>\r\n<li>&nbsp;&nbsp;&nbsp;&nbsp; les sites les plus visités</li>\r\n<li>&nbsp;&nbsp;&nbsp;&nbsp; la liste des utilisateurs les plus consommateurs</li>\r\n</ul>\r\n<p>&nbsp;</p>\r\n<p style=\"text-align: justify;\">et dans les cas où cela est nécessaire (enquête de police par exemple) être capable de répondre à une requête du type :</p>\r\n<ul>\r\n<li>&nbsp;&nbsp;&nbsp;&nbsp; &nbsp;qui a consulté tel site, tel jour, à telle heure ?</li>\r\n</ul>\r\n<p>&nbsp;</p>\r\n<p style=\"text-align: justify;\">Le fichier de log du proxy est un simple fichier texte (log_proxy.txt) contenant des informations sur les accès au web comme l’adresse IP, la date, l’heure, la commande HTTP utilisée (GET ou POST) , l’URL des différents éléments constituant la page téléchargée (images, bandeau, …). Ce journal étant d’une part, un fichier texte et d’autre part étant très volumineux,&nbsp; il est difficile à utiliser directement pour répondre facilement à ces besoins.</p>\r\n<p>&nbsp;</p>\r\n<p>Le responsable du SI vous demande de créer une base de données sur ORACLE&nbsp; qui contiendra les tables :</p>\r\n<p>SALARIES(num, nom, prénom, adresseIP)</p>\r\n<p>PROXY(num,adresseIP, jour, heure, URL)</p>\r\n<p>&nbsp;</p>\r\n<p>Attention date est un mot réservé sous Oracle</p>\r\n<p>Vous remplirez la table SALARIES avec les données suivantes :</p>\r\n<table width=\"718\">\r\n<tbody>\r\n<tr>\r\n<td width=\"179\">\r\n<p>Num</p>\r\n</td>\r\n<td width=\"179\">\r\n<p>Nom</p>\r\n</td>\r\n<td width=\"179\">\r\n<p>Prénom</p>\r\n</td>\r\n<td width=\"179\">\r\n<p>IP</p>\r\n</td>\r\n</tr>\r\n<tr>\r\n<td width=\"179\">\r\n<p>1</p>\r\n</td>\r\n<td width=\"179\">\r\n<p>DUPOND</p>\r\n</td>\r\n<td width=\"179\">\r\n<p>Marie</p>\r\n</td>\r\n<td width=\"179\">\r\n<p>192.168.2.2</p>\r\n</td>\r\n</tr>\r\n<tr>\r\n<td width=\"179\">\r\n<p>2</p>\r\n</td>\r\n<td width=\"179\">\r\n<p>DUBOIS</p>\r\n</td>\r\n<td width=\"179\">\r\n<p>Paul</p>\r\n</td>\r\n<td width=\"179\">\r\n<p>192.168.2.1</p>\r\n</td>\r\n</tr>\r\n<tr>\r\n<td width=\"179\">\r\n<p>3</p>\r\n</td>\r\n<td width=\"179\">\r\n<p>DURANT</p>\r\n</td>\r\n<td width=\"179\">\r\n<p>Quentin</p>\r\n</td>\r\n<td width=\"179\">\r\n<p>192.168.2.3</p>\r\n</td>\r\n</tr>\r\n<tr>\r\n<td width=\"179\">\r\n<p>4</p>\r\n</td>\r\n<td width=\"179\">\r\n<p>LEJAUNE</p>\r\n</td>\r\n<td width=\"179\">\r\n<p>Laurence</p>\r\n</td>\r\n<td width=\"179\">\r\n<p>192.168.2.100</p>\r\n</td>\r\n</tr>\r\n</tbody>\r\n</table>\r\n<p>&nbsp;</p>\r\n<p>La table PROXY sera remplie par un script contenant des ordres SQL “INSERT INTO PROXY …” . Ce script sera généré par un programme, écrit en PYTHON, qui lira le fichier texte “log_proxy.txt” et à partir des données lues, créera le script SQL.&nbsp;</p>\r\n<p>Une fois le script généré, il suffira de l’exécuter dans ORACLE pour remplir la table PROXY.</p>\r\n<p>Les requêtes demandées seront alors beaucoup plus faciles à écrire.&nbsp;</p>','2014-07-15 07:01:59',0,0,'ppe1-projet-python','page',NULL),(9,'BTS','\r\n\r\n\r\n\r\n\r\n\r\n\r\n\r\n&nbsp; &nbsp; <h2 style=\"text-align: center;\">Bienvenue sur cette section</h2>\r\n<p>Cette section est dédiée à mes deux années de BTS SIO (Services Informatiques aux Organisations) au Lycée Saint-Pierre La Joliverie à Saint-Sébastien</p>\r\n<p>&nbsp;</p>\r\n<p style=\"text-align: center;\"><img src=\"http://www.la-joliverie.com/images/joliverie/logo-accueil.gif\" alt=\"\" height=\"95\" width=\"274\"></p><p style=\"text-align: center;\"><br></p><p style=\"text-align: center;\"><a href=\"http://baptistedixneuf.fr/site/pages/presentation-btssio-12\" title=\"Présentation du BTS SIO\">Présentation du BTS SIO</a>&nbsp;</p><h2 style=\"text-align: left;\"><span style=\"color: inherit; font-family: inherit; font-size: 31.5px;\">Projets</span><br></h2><div><br></div><h4 style=\"text-align: left;\">SEMESTRE 1:Projet&nbsp;Python&nbsp;</h4><div><ol><li><a href=\"http://baptistedixneuf.fr/site/pages/ppe1-projet-python-cahier-des-charges-16\" title=\"Cahier des charges\">Cahier des charges</a></li><li><a href=\"http://baptistedixneuf.fr/site/pages/ppe1-projet-python-realisation-explications-19\" title=\"Réalisation et explications\">Réalisation et explications</a></li></ol><div><br></div></div><h4 style=\"text-align: left;\">STAGE 1 (JUIN 2014)</h4><div><ol><li><a href=\"http://baptistedixneuf.fr/site/pages/stage1-bts-presentation-gladys-10\" title=\"Présentation de Gladys.com\">Présentation de la société Gladys.com</a></li><li><a href=\"http://baptistedixneuf.fr/site/pages/stage1-deroulement-stage-20\" title=\"Déroulement du stage\">Déroulement du stage</a><br></li></ol></div> &nbsp; &nbsp; &nbsp; &nbsp; &nbsp; &nbsp; &nbsp; &nbsp; &nbsp; &nbsp; &nbsp; &nbsp; &nbsp; &nbsp;','2014-10-07 10:15:57',1,1,'btssio','page',NULL),(10,'Stage 1 - Présentation de Gladys','<span style=\"color: inherit; font-family: inherit; font-size: 31.5px; font-weight: bold; line-height: 40px;\">STAGE 1 : GLADYS.COM</span><h2><span style=\"font-size: 14px; line-height: 20px; color: inherit; font-family: inherit;\">Gladys est une plateforme qui favorise l\'innovation et optimise les process projets collaboratifs</span></h2><div><div><span style=\"color: inherit; font-family: inherit; font-size: 17.5px; font-weight: bold;\"><br></span></div><div><span style=\"color: inherit; font-family: inherit; font-size: 17.5px; font-weight: bold;\">La génèse du projet</span><br></div><div><br></div><div>Le service Gladys est né d\'un constat d\'échec de l\'introduction des plateformes collaboratives au sein des entreprises lors des dix dernières années, alors que paradoxalement notre société adopte de plus en plus vite de nouveaux usages communicants et collaboratifs.</div><div><br></div><div>Face à la myriade d\'outils collaboratifs existants et à la complexité de les mettre en place dans un environnement homogène et sécurisé, Gladys Corp propose une solution simple et efficace pour répondre aux enjeux stratégiques des entreprises collaboratives :</div><div><br></div><div>- Proposer de nouveaux services à ses clients</div><div>- Fluidifier et accélérer la circulation de l\'information</div><div>- Accélerer les prises de décisions</div><div>- Intégrer des équipes distantes</div><div>- Centraliser les contenus et les rendre accessibles à distance</div><div><br></div><h4>La mission de Gladys</h4><div><br></div><div><ul><li>aider les PME et Grands Groupes à manager et accélérer leur innovation et leurs process projets pour rester compétitifs sur leur marché et se développer au niveau mondial.<br></li><li>permettre à chacun (individus, équipes, organisations) de bénéficier d\'un environnement numérique lui permettant d\'echanger, de produire, d\'interagir et en toute simplicité grâce à son assistante numérique.​<br></li></ul></div><div><br></div><h4>Les fonctionnalités et bénéfices</h4><div><br></div><div><b>Simplifiez votre collaboration</b></div><div><br></div><div><ul><li>Échangez dans des bulles de discussions.<br></li><li>Partagez vos fichiers, agendas, contacts.<br></li><li>Pérennisez vos connaissances pour la transmission des compétences.<br></li><li>Soyez mobiles et sécurisés.</li></ul></div></div>','2014-10-07 10:49:26',1,0,'stage1-bts-presentation-gladys','page',NULL),(12,'Présentation BTS SIO','<h3>BTS SIO : niveau requis</h3>\r\n\r\n\r\n\r\n<p class=\"MsoNormal\">Bac Pro électrotechnique, énergie, équipements communicants,\r\nBac pro gestion-administration, Bac pro Systèmes Électroniques Numériques\r\n(SEN),</p>\r\n\r\n<p class=\"MsoNormal\">Baccalauréat STMG,</p>\r\n\r\n<p class=\"MsoNormal\">Baccalauréat S,</p>\r\n\r\n<p class=\"MsoNormal\">Baccalauréat STI2D,&nbsp;spécialité&nbsp;Systèmes d’Information\r\net Numérique (SIN),</p>\r\n\r\n<p class=\"MsoNormal\">Baccalauréat ES (avec un bon niveau en mathématiques),</p>\r\n\r\n<p class=\"MsoNormal\">Admission après étude du dossier de candidature et\r\nentretien.</p>\r\n\r\n<h2>Objectifs du BTS&nbsp;SIO</h2><p class=\"MsoNormal\"><a name=\"objectifs\"></a></p>\r\n\r\n<p class=\"MsoNormal\" style=\"text-align: justify;\">Le diplômé du&nbsp;BTS SIO (BTS Services informatiques aux\r\norganisations)&nbsp;est formé à la mise en place de services informatiques en\r\ntant que salarié au sein des organisations (entreprises, administrations, pme,\r\npmi, etc…) soit en tant que consultant d’une SSII (société de services\r\nd’ingénierie informatique), d’une société éditrice de logiciels ou d’une\r\nsociété de conseils.</p>\r\n\r\n<p class=\"MsoNormal\" style=\"text-align: justify;\">Les services informatiques dont il aura la responsabilité\r\nconcernent à la fois les solutions techniques d’infrastructures, les\r\napplications logicielles, la maintenance et l’évolution de ces solutions dans\r\nle respect contraintes légales et stratégiques&nbsp;en s’appuyant sur des\r\nnormes de sécurité ou des guides de bonnes pratiques.</p>\r\n\r\n<h4>Le&nbsp;BTS SIO (BTS Services informatiques aux\r\norganisations)&nbsp;prépare à 2 métiers distincts, représentés par les 2\r\nspécialités du diplôme :</h4>\r\n\r\n<p class=\"MsoNormal\"></p><ul><li>Solutions d’infrastructure, systèmes et réseaux,<br></li><li>Solutions logicielles et applications métiers.<br></li></ul><p></p>\r\n\r\n\r\n\r\n<h2>BTS SIO Spécialité « Solutions d’infrastructure, systèmes et\r\nréseaux »</h2>\r\n\r\n<p class=\"MsoNormal\" style=\"text-align: justify;\">Le titulaire du BTS SIO, Spécialité « Solutions\r\nd’infrastructure, systèmes et réseaux » est chargé d’installer, d’administrer\r\net gérer la maintenance des équipements et des réseaux informatiques. Il\r\nintervient au niveau de l’intégration, la sécurisation et la configuration des\r\nserveurs, des postes clients et des équipements d’interconnexion.</p>\r\n\r\n<p class=\"MsoNormal\" style=\"text-align: justify;\">Il aura également la tâche d’anticiper les besoins\r\nd’évolution de l’infrastructure, de maintenir la qualité des services\r\ninformatiques et de proposer – le cas échant – des solutions pour faire évoluer\r\nles services.</p>\r\n\r\n<h2>BTS SIO, Spécialité « Solutions logicielles et applications\r\nmétiers »</h2>\r\n\r\n<p class=\"MsoNormal\" style=\"text-align: justify;\">Le diplômé du BTS SIO Spécialité « Solutions logicielles et\r\napplications métiers », à la différence de la spécialité Solutions d’infrastructure,\r\nsystèmes et réseaux, va s’attacher à fournir des services orientés solutions\r\nlogicielles et applicatives : par exemple le développement de logiciels\r\npersonnalisés de CRM (Customer Relationship Management) ou de logiciels de\r\nréservations d’hôtels pour une chaîne hôtelière.</p>\r\n\r\n<p class=\"MsoNormal\">Il participera à toutes les phases de la production des\r\nsolutions logicielles mises en place :</p>\r\n\r\n<p class=\"MsoNormal\"></p><ul><li>la définition du cahier des charges, en prenant en compte\r\nles besoins des utilisateurs finaux et les contraintes propres à l’entreprise\r\ncliente,<br></li><li>le choix des solutions techniques,<br></li><li>la réalisation des applications logicielles,<br></li><li>leur mise en place au sein de l’organisation, et\r\nl’assistance apportée aux utilisateurs.<br></li></ul><p></p>\r\n\r\n\r\n\r\n\r\n\r\n','2014-07-15 06:49:47',1,0,'presentation-btssio','page',NULL),(13,'Installation Apache 2 sous Debian','<p>Bonjour et bienvenue sur mon premier guide,&nbsp;nous allons apprendre à installer et configurer un serveur web sur Debian.</p>\r\n<h2>Installer et configurer le serveur Web Apache</h2>\r\n<p>Le serveur web Apache est un choix très populaire pour servir des pages web.&nbsp;Alors que de nombreuses alternatives sont apparues au cours des dernières années, Apache reste une option puissante que je&nbsp;recommande pour la plupart des utilisations.</p>\r\n<p>Assurez-vous que vos dépôts de paquets et les programmes installés sont à jour en lançant les commandes suivantes:</p>\r\n<pre class=\"literal-block\"><code>apt-get update</code></pre>\r\n<pre class=\"literal-block\"><code>apt-get upgrade --show-upgraded</code></pre>\r\n<p>&nbsp;Pour installer la version actuelle du serveur Web Apache (dans la série 2.x), exécutez la commande suivante:</p>\r\n<pre class=\"literal-block\"><code>apt-get install apache2</code></pre>\r\n<p>Beaucoup d\'applications et frameworks web populaires font usage de \"réécriture\" les capacités d\'Apache.&nbsp;Exécutez la commande suivante pour s\'assurer que cette fonctionnalité est activée:</p>\r\n<pre class=\"literal-block\"><code>a2enmod rewrite</code></pre>\r\n<p>Ensuite, vous allez configurer l\'hébergement virtuel de sorte que vous pouvez héberger plusieurs domaines (ou sous-domaines) avec le serveur.&nbsp;Ces sites peuvent être contrôlés par différents utilisateurs ou par un seul utilisateur, en fonction de vos préférences.</p>\r\n<h2>Configuration des hôtes virtuels</h2>\r\n<p>Il existe différentes façons de configurer des hôtes virtuels, mais&nbsp;je&nbsp;recommande la méthode ci-dessous.&nbsp;Par défaut, Apache écoute sur toutes les adresses IP disponibles pour lui.</p>\r\n<p>Vous devez&nbsp;créer autant de fichiers d\'hôtes virtuels que de site que vous souhaitez accueillir avec votre serveur.&nbsp;Tout d\'abord, créer un fichier dans le réperoire&nbsp;<tt>/etc/apache2/sites-available/</tt>&nbsp; pour chaque hôte virtuel que vous souhaitez configurer.&nbsp;Chaque fichier correspond à un nom de domaine pour lequel vous souhaitez fournir l\'hébergement . Voir les exemples de configuration suivants pour les domaines hypothétiques \"example.com\" et \"example.org\".</p>\r\n<p>&nbsp;<strong>Fichier:&nbsp;</strong><em>/ etc/apache2/sites-available/example.com</em></p>\r\n<pre><code> &nbsp; &nbsp; ServerAdmin webmaster@example.com\r\n&nbsp; &nbsp; &nbsp;ServerName example.com\r\n&nbsp; &nbsp; &nbsp;ServerAlias www.example.com\r\n&nbsp; &nbsp; &nbsp;DocumentRoot /srv/www/example.com/public_html/\r\n&nbsp; &nbsp; &nbsp;ErrorLog /srv/www/example.com/logs/error.log\r\n&nbsp; &nbsp; &nbsp;CustomLog /srv/www/example.com/logs/access.log combined\r\n</code></pre>\r\n<p>&nbsp;</p>\r\n<p><strong>Fichier:&nbsp;</strong><em>/ etc/apache2/sites-available/example.org</em></p>\r\n<pre><code> &nbsp; &nbsp; ServerAdmin webmaster@example.org\r\n&nbsp; &nbsp; &nbsp;ServerName example.org\r\n&nbsp; &nbsp; &nbsp;ServerAlias www.example.org\r\n&nbsp; &nbsp; &nbsp;DocumentRoot /srv/www/example.org/public_html/\r\n&nbsp; &nbsp; &nbsp;ErrorLog /srv/www/example.org/logs/error.log\r\n&nbsp; &nbsp; &nbsp;CustomLog /srv/www/example.org/logs/access.log combined<br><br></code></pre>\r\n<p>Avant de pouvoir utiliser la configuration ci-dessus, vous aurez besoin de créer les répertoires spécifiés.&nbsp;Pour la configuration ci-dessus, vous pouvez le faire avec les commandes suivantes:</p>\r\n<pre class=\"literal-block\"><code>mkdir -p /srv/www/example.com/public_html\r\nmkdir /srv/www/example.com/logs</code>\r\n\r\n\r\n\r\n\r\n<code>mkdir -p /srv/www/example.org/public_html\r\nmkdir /srv/www/example.org/logs</code></pre>\r\n<p>Après que vous avez configuré vos hôtes virtuels, exécutez les commandes suivantes:</p>\r\n<pre class=\"literal-block\"><code>a2ensite example.com&nbsp;\r\na2ensite example.org<br></code></pre>\r\n<p>La commande&nbsp;<tt class=\"docutils literal\">a2ensite</tt>&nbsp;relie symboliquement votre fichier d\'hôte virtuel de&nbsp;<strong><tt class=\"docutils literal\"><span class=\"pre\">sites-available</span></tt></strong>&nbsp;avec le répertoire&nbsp;<strong><tt class=\"docutils literal\"><span class=\"pre\">site-enabled</span></tt></strong>&nbsp;.&nbsp;Enfin, avant que vous puissiez accéder à vos sites, vous devez recharger Apache avec la commande suivante:<br><br></p>\r\n<pre class=\"literal-block\"><code>/etc/init.d/apache2 reload</code></pre>\r\n<p>Si jamais vous avez besoin de désactiver un site, vous pouvez utiliser le&nbsp;<tt>a2dissite</tt>&nbsp;commande.&nbsp;Par exemple, si vous voulez désactiver la&nbsp;<tt>example.com</tt>&nbsp;site, vous devez exécuter la commande suivante:</p>\r\n<pre class=\"literal-block\"><code>a2dissite example.com</code></pre>\r\n<p>La commande&nbsp;<tt>a2dissite</tt>&nbsp;fait le contraire de la&nbsp;commande <tt>a2ensite</tt>&nbsp;.</p>\r\n<p>Rappelez-vous, après activation, désactivation ou modification&nbsp;de n\'importe quelle partie de votre configuration d\'Apache, vous devrez recharger la configuration d\'Apache à nouveau avec la&nbsp;commande&nbsp;&nbsp;<tt>/etc/init.d/apache2 reload</tt>&nbsp;.</p>\r\n<p>En supposant que vous avez configuré le DNS de votre domaine pour pointer vers l\'adresse IP de votre serveur, l\'hote&nbsp;virtuel pour votre domaine devrait maintenant fonctionner.</p>','2014-07-15 06:59:00',1,0,'installation-apache2-sous-debian','page',NULL),(14,'Loisirs','<h2>Jeux auxquels je joue</h2><h4>League of Legends</h4><img src=\"../../../images/league-of-legends.jpg\" style=\"font-family: \'Helvetica Neue\', Helvetica, Arial, sans-serif; font-size: 14px; line-height: 20px;\"><div><h4><br>Remember Me</h4><h1 style=\"border: 0px; font-family: oswald, helvetica, arial; font-size: 2.2em; font-weight: inherit; margin-top: 0px; margin-bottom: 22px; outline: 0px; padding: 0px; vertical-align: baseline; line-height: 1em; color: rgb(68, 68, 68);\"><img src=\"../../../images/remember-me.jpg\"><br></h1><h4>DeepVoid</h4><div><br></div><h1 style=\"border: 0px; font-family: oswald, helvetica, arial; font-size: 2.2em; font-weight: inherit; margin-top: 0px; margin-bottom: 22px; outline: 0px; padding: 0px; vertical-align: baseline; line-height: 1em; color: rgb(68, 68, 68);\"><img src=\"../../../images/deepvoid.jpg\"><br></h1></div>','2014-10-06 09:42:54',1,1,'loisirs','page',NULL),(15,'CMS: Système de Gestion de Contenu','<h2>Qu’est ce qu’un CMS?</h2><p></p><p class=\"MsoNormal\">Les CMS (Content Management System, en français SGC ou Systèmes\r\nde Gestion de Contenu) sont des outils de conception et de mise à jour de site\r\nweb dynamique disposant de fonctionnalités de publication. Ils offrent en\r\nparticulier une interface d’administration destinée à l’administrateur du site\r\npour créer et modifier le contenu et les fonctionnalités du site.</p><p class=\"MsoNormal\">Les CMS sont de plus en plus nombreux qu’ils soient\r\ngratuits, Open Source sous licence GNU/GPL ou payants et offrent de plus en\r\nplus de fonctionnalités.</p><h2>Pourquoi un CMS?</h2><p class=\"MsoNormal\">Le CMS apporte tout d’abord une certaine facilite dans\r\nl’administration d’un site web. Il permet aux personnes qui ne connaissent pas\r\nles langages PHP, HTML et autres de créer, modifier et paramétrer un site\r\naisément. Ensuite, un CMS a l’avantage de séparer forme et contenu. Toute la\r\npartie contenu et fonctionnalités du site est stockée dans une base de donnée\r\net est créée dynamiquement lors de l’exécution du site. Toute la partie forme\r\nest gérée par un template.</p><h2>Comparaison CMS</h2><table width=\"981\" border=\"1\" cellspacing=\"0\" cellpadding=\"0\" align=\"left\" style=\"border: 1px solid rgb(227, 227, 227); font-family: Tahoma, Geneva, sans-serif; margin: 0px 0.077em 1.923em 0px; outline: 0px; padding: 0px; vertical-align: baseline; width: 523px; color: rgb(68, 68, 68); line-height: 21px; background-color: rgb(255, 255, 255);\"><tbody style=\"border: 0px; font-family: inherit; font-style: inherit; font-weight: inherit; margin: 0px; outline: 0px; padding: 0px; vertical-align: baseline;\"><tr style=\"border: 0px; font-family: inherit; font-style: inherit; font-weight: inherit; margin: 0px; outline: 0px; padding: 0px; vertical-align: baseline;\"><td valign=\"top\" width=\"92\" style=\"border-width: 1px 0px 0px; border-top-style: solid; border-top-color: rgb(227, 227, 227); font-family: inherit; font-style: inherit; margin: 0px; outline: 0px; padding: 0.462em 1.154em; vertical-align: top;\"><p align=\"center\" style=\"border: 0px; font-family: inherit; font-style: inherit; font-weight: inherit; margin-bottom: 1.5em; outline: 0px; padding: 0px; vertical-align: baseline; orphans: 4;\">Nom de CMS</p></td><td valign=\"top\" width=\"113\" style=\"border-width: 1px 0px 0px; border-top-style: solid; border-top-color: rgb(227, 227, 227); font-family: inherit; font-style: inherit; margin: 0px; outline: 0px; padding: 0.462em 1.154em; vertical-align: top;\"><p align=\"center\" style=\"border: 0px; font-family: inherit; font-style: inherit; font-weight: inherit; margin-bottom: 1.5em; outline: 0px; padding: 0px; vertical-align: baseline; orphans: 4;\">Type de CMS</p></td><td valign=\"top\" width=\"397\" style=\"border-width: 1px 0px 0px; border-top-style: solid; border-top-color: rgb(227, 227, 227); font-family: inherit; font-style: inherit; margin: 0px; outline: 0px; padding: 0.462em 1.154em; vertical-align: top;\"><p align=\"center\" style=\"border: 0px; font-family: inherit; font-style: inherit; font-weight: inherit; margin-bottom: 1.5em; outline: 0px; padding: 0px; vertical-align: baseline; orphans: 4;\">Fonction</p></td><td valign=\"top\" width=\"378\" style=\"border-width: 1px 0px 0px; border-top-style: solid; border-top-color: rgb(227, 227, 227); font-family: inherit; font-style: inherit; margin: 0px; outline: 0px; padding: 0.462em 1.154em; vertical-align: top;\">Caractéristique</td></tr><tr style=\"border: 0px; font-family: inherit; font-style: inherit; font-weight: inherit; margin: 0px; outline: 0px; padding: 0px; vertical-align: baseline;\"><td valign=\"top\" width=\"92\" style=\"border-width: 1px 0px 0px; border-top-style: solid; border-top-color: rgb(227, 227, 227); font-family: inherit; font-style: inherit; margin: 0px; outline: 0px; padding: 0.462em 1.154em; vertical-align: top;\">Edicy</td><td valign=\"top\" width=\"113\" style=\"border-width: 1px 0px 0px; border-top-style: solid; border-top-color: rgb(227, 227, 227); font-family: inherit; font-style: inherit; margin: 0px; outline: 0px; padding: 0.462em 1.154em; vertical-align: top;\">CMS sans BD</td><td valign=\"top\" width=\"397\" style=\"border-width: 1px 0px 0px; border-top-style: solid; border-top-color: rgb(227, 227, 227); font-family: inherit; font-style: inherit; margin: 0px; outline: 0px; padding: 0.462em 1.154em; vertical-align: top;\">SGC gratuit proposant une interface utilisateur pour la configuration globale d’un site Internet et son édition<a title=\"What you see is what you get\" href=\"http://fr.wikipedia.org/wiki/What_you_see_is_what_you_get\" sl-processed=\"1\" style=\"border: 0px; font-family: inherit; font-style: inherit; font-weight: inherit; margin: 0px; outline: 0px; padding: 0px; vertical-align: baseline; color: rgb(1, 160, 219); -webkit-tap-highlight-color: rgb(240, 29, 79); background: transparent;\">WYSIWYG</a>, ne nécessitant aucune connaissance en HTML.</td><td valign=\"top\" width=\"378\" style=\"border-width: 1px 0px 0px; border-top-style: solid; border-top-color: rgb(227, 227, 227); font-family: inherit; font-style: inherit; margin: 0px; outline: 0px; padding: 0.462em 1.154em; vertical-align: top;\">Chacun peut importer ou créer sa propre mise en page et l’appliquer à son propre site sans restriction. En outre, Edicy fournit un bon nombre de modèles de mise en pagebasé sur<a href=\"http://www.liquidmarkup.org/\" sl-processed=\"1\" style=\"border: 0px; font-family: inherit; font-style: inherit; font-weight: inherit; margin: 0px; outline: 0px; padding: 0px; vertical-align: baseline; color: rgb(1, 160, 219); -webkit-tap-highlight-color: rgb(240, 29, 79); background: transparent;\">LiquidMarkup</a>.</td></tr><tr style=\"border: 0px; font-family: inherit; font-style: inherit; font-weight: inherit; margin: 0px; outline: 0px; padding: 0px; vertical-align: baseline;\"><td valign=\"top\" width=\"92\" style=\"border-width: 1px 0px 0px; border-top-style: solid; border-top-color: rgb(227, 227, 227); font-family: inherit; font-style: inherit; margin: 0px; outline: 0px; padding: 0.462em 1.154em; vertical-align: top;\">WebSPELL</td><td valign=\"top\" width=\"113\" style=\"border-width: 1px 0px 0px; border-top-style: solid; border-top-color: rgb(227, 227, 227); font-family: inherit; font-style: inherit; margin: 0px; outline: 0px; padding: 0.462em 1.154em; vertical-align: top;\">CMS sans BD</td><td valign=\"top\" width=\"397\" style=\"border-width: 1px 0px 0px; border-top-style: solid; border-top-color: rgb(227, 227, 227); font-family: inherit; font-style: inherit; margin: 0px; outline: 0px; padding: 0.462em 1.154em; vertical-align: top;\">Outil de gestion de contenu. Gratuit, multilingue, spécialisé dans les jeux vidéo depuis 2005. Depuis 2009 une version société modulable est sortie.</td><td valign=\"top\" width=\"378\" style=\"border-width: 1px 0px 0px; border-top-style: solid; border-top-color: rgb(227, 227, 227); font-family: inherit; font-style: inherit; margin: 0px; outline: 0px; padding: 0.462em 1.154em; vertical-align: top;\"></td></tr><tr style=\"border: 0px; font-family: inherit; font-style: inherit; font-weight: inherit; margin: 0px; outline: 0px; padding: 0px; vertical-align: baseline;\"><td valign=\"top\" width=\"92\" style=\"border-width: 1px 0px 0px; border-top-style: solid; border-top-color: rgb(227, 227, 227); font-family: inherit; font-style: inherit; margin: 0px; outline: 0px; padding: 0.462em 1.154em; vertical-align: top;\">Joomla</td><td valign=\"top\" width=\"113\" style=\"border-width: 1px 0px 0px; border-top-style: solid; border-top-color: rgb(227, 227, 227); font-family: inherit; font-style: inherit; margin: 0px; outline: 0px; padding: 0.462em 1.154em; vertical-align: top;\">CMS avec BD</td><td valign=\"top\" width=\"397\" style=\"border-width: 1px 0px 0px; border-top-style: solid; border-top-color: rgb(227, 227, 227); font-family: inherit; font-style: inherit; margin: 0px; outline: 0px; padding: 0.462em 1.154em; vertical-align: top;\">Un système de gestion de contenu Web (sites internet et blogs) assez lourd mais du moins plutôt simple à utiliser. Il requiert néanmoins des connaissances en<a title=\"HTML\" href=\"http://fr.wikipedia.org/wiki/HTML\" sl-processed=\"1\" style=\"border: 0px; font-family: inherit; font-style: inherit; font-weight: inherit; margin: 0px; outline: 0px; padding: 0px; vertical-align: baseline; color: rgb(1, 160, 219); -webkit-tap-highlight-color: rgb(240, 29, 79); background: transparent;\">HTML</a>&nbsp;et en&nbsp;<a title=\"PHP\" href=\"http://fr.wikipedia.org/wiki/PHP\" sl-processed=\"1\" style=\"border: 0px; font-family: inherit; font-style: inherit; font-weight: inherit; margin: 0px; outline: 0px; padding: 0px; vertical-align: baseline; color: rgb(1, 160, 219); -webkit-tap-highlight-color: rgb(240, 29, 79); background: transparent;\">PHP</a>&nbsp;pour la mise en page et le système de gestion du contenu du site.</td><td valign=\"top\" width=\"378\" style=\"border-width: 1px 0px 0px; border-top-style: solid; border-top-color: rgb(227, 227, 227); font-family: inherit; font-style: inherit; margin: 0px; outline: 0px; padding: 0.462em 1.154em; vertical-align: top;\">Le paquet se compose de plusieurs parties, qui sont construites pour être le plus modulaire possible, ce qui permet des&nbsp;<a title=\"Extension (logiciel)\" href=\"http://fr.wikipedia.org/wiki/Extension_%28logiciel%29\" sl-processed=\"1\" style=\"border: 0px; font-family: inherit; font-style: inherit; font-weight: inherit; margin: 0px; outline: 0px; padding: 0px; vertical-align: baseline; color: rgb(1, 160, 219); -webkit-tap-highlight-color: rgb(240, 29, 79); background: transparent;\">extensions</a>&nbsp;et intégrations à faire facilement. Certaines extensions sont appelées «&nbsp;<a title=\"Plugin\" href=\"http://fr.wikipedia.org/wiki/Plugin\" sl-processed=\"1\" style=\"border: 0px; font-family: inherit; font-style: inherit; font-weight: inherit; margin: 0px; outline: 0px; padding: 0px; vertical-align: baseline; color: rgb(1, 160, 219); -webkit-tap-highlight-color: rgb(240, 29, 79); background: transparent;\">plugins</a>&nbsp;» (antérieurement connues sous le nom de \"Mambots\"). Les plugins sont des extensions de fond qui donnent à Joomla de nouvelles fonctionnalités</td></tr><tr style=\"border: 0px; font-family: inherit; font-style: inherit; font-weight: inherit; margin: 0px; outline: 0px; padding: 0px; vertical-align: baseline;\"><td valign=\"top\" width=\"92\" style=\"border-width: 1px 0px 0px; border-top-style: solid; border-top-color: rgb(227, 227, 227); font-family: inherit; font-style: inherit; margin: 0px; outline: 0px; padding: 0.462em 1.154em; vertical-align: top;\">WordPress</td><td valign=\"top\" width=\"113\" style=\"border-width: 1px 0px 0px; border-top-style: solid; border-top-color: rgb(227, 227, 227); font-family: inherit; font-style: inherit; margin: 0px; outline: 0px; padding: 0.462em 1.154em; vertical-align: top;\">CMS avec BD</td><td valign=\"top\" width=\"397\" style=\"border-width: 1px 0px 0px; border-top-style: solid; border-top-color: rgb(227, 227, 227); font-family: inherit; font-style: inherit; margin: 0px; outline: 0px; padding: 0.462em 1.154em; vertical-align: top;\">Sur une base de gestion de blog (vocation historique), WordPress est à présent une solution modulaire de gestion de contenu, multisite et multilingue.</td><td valign=\"top\" width=\"378\" style=\"border-width: 1px 0px 0px; border-top-style: solid; border-top-color: rgb(227, 227, 227); font-family: inherit; font-style: inherit; margin: 0px; outline: 0px; padding: 0.462em 1.154em; vertical-align: top;\">Du fait de ses nombreuses fonctionnalités, WordPress est un logiciel de blog plutôt destiné à des utilisateurs avancés, ayant un minimum de connaissances des systèmes de gestion de contenus. Malgré la clarté de son interface, la profusion de menus et ses possibilités en matière de configuration peuvent rebuter des utilisateurs débutants.</td></tr><tr style=\"border: 0px; font-family: inherit; font-style: inherit; font-weight: inherit; margin: 0px; outline: 0px; padding: 0px; vertical-align: baseline;\"><td valign=\"top\" width=\"92\" style=\"border-width: 1px 0px 0px; border-top-style: solid; border-top-color: rgb(227, 227, 227); font-family: inherit; font-style: inherit; margin: 0px; outline: 0px; padding: 0.462em 1.154em; vertical-align: top;\">TextPatern</td><td valign=\"top\" width=\"113\" style=\"border-width: 1px 0px 0px; border-top-style: solid; border-top-color: rgb(227, 227, 227); font-family: inherit; font-style: inherit; margin: 0px; outline: 0px; padding: 0.462em 1.154em; vertical-align: top;\">CMS avec BD</td><td valign=\"top\" width=\"397\" style=\"border-width: 1px 0px 0px; border-top-style: solid; border-top-color: rgb(227, 227, 227); font-family: inherit; font-style: inherit; margin: 0px; outline: 0px; padding: 0.462em 1.154em; vertical-align: top;\">Créé par Dean Allen, un Canadien vivant en France dans le Languedoc, Textpattern peut être utilisé comme un outil de blog mais aussi comme un système de publication. L’installation est multilingue, entièrement francisée. La grande force de Textpattern, c’est sa communauté active et l’implication de nombreux développeurs, ce qui a donné naissance à environ de 200 greffons (plugins).</td><td valign=\"top\" width=\"378\" style=\"border-width: 1px 0px 0px; border-top-style: solid; border-top-color: rgb(227, 227, 227); font-family: inherit; font-style: inherit; margin: 0px; outline: 0px; padding: 0.462em 1.154em; vertical-align: top;\">Difficile à installer surtout au niveau des privilèges d’utilisation.</td></tr></tbody></table>','2014-07-15 07:27:25',1,0,'cms-gestion-de-contenu','page',NULL),(16,'PPE1 - Projet Python - Cachier des charges','<span style=\"color: inherit; font-family: inherit; font-size: 38.5px; font-weight: bold; line-height: 40px;\">Cahier des charges</span><div><br></div><h2>Automatisation de la création des utilisateurs dans une base de données</h2><div><br></div><div>Il s’agit ici d’utiliser l’annuaire du serveur Windows 2008 pour créer automatiquement les utilisateurs de la base de données de l’entreprise StockPRO. Il est possible de récupérer la liste des utilisateurs dans un fichier texte et de générer un script contenant des ordres SQL. Ce script sera ensuite exécuté dans la base Oracle. Ce script est à réaliser en Python.</div><div><br></div><div>Au fur et à mesure que vous réaliserez ce travail vous devez vous constituer une base de veille technologique avec les sites que vous avez consultés pour vous auto-former sur les différentes technologies. Vous pouvez utiliser un outil comme Diigo.</div><div><br></div><h3>Étape 1 : Installation de Python sur la machine LinuxProd sur Vmware</h3><div><br></div><div>Pour installer Python</div><div><br></div><div>Par binôme vous vous connectez sur Vmware avec Vsphère,</div><div>Vous démarrez votre machine virtuelle LinuxProd</div><div>Paquetages d’installation de Python</div><div>Vérifiez que l’interpréteur est déjà installé.</div><div>Pour bénéficier d’un environnement de développement, installer le paquetage “drpython”. Un raccourci sera automatiquement ajouté dans le menu Applications – Développement.</div><div><br></div><h3>Étape 2 : Lecture et écriture dans un fichier texte en Python</h3><div><br></div><div>Pour vous auto-former aux commandes Python permettant de lire et d’écrire dans un fichier texte, vous réalisez un programme lisant le fichier test.txt et vous affichez ce que vous avez lu.</div><div><br></div><div>Ensuite vous extrayez la première lettre du premier mot et le deuxième mot pour les afficher.</div><div><br></div><div>Vous réalisez une synthèse de la gestion des fichiers en Python.</div><div><br></div><h3>Étape 3 : Création d’un utilisateur dans une base de données en SQL</h3><div><br></div><div>Vous recherchez les ordres SQL pour créer un utilisateur pour Oracle et qu’il puisse se connecter et créer une table.</div><div><br></div><div>Vous réalisez un document pour expliquer ces ordres SQL.</div><div><br></div><h3>Étape 4 : Création du fichier texte des utilisateurs</h3><div><br></div><div>Sur le serveur CD-STESIO (172.15.11.110) vous vous connecterez avec le compte btssio/J0L!verie à partir du poste prof. Vous extrayez le fichier des utilisateurs de Marseille comme suit :</div><div><br></div><div>- Dans les outils d’administration, choisissez “Utilisateurs et ordinateurs Active Directory”</div><div><br></div><div>- Développez le noeud stesio.net, puis l’unité d’organisation “Finances/Toulouse”</div><div><br></div><div>- Sélectionnez le noeud “Utilisateurs”, cliquez droit sur “Exporter la liste…” au format “texte (délimité par des tabulations) pour obtenir un fichier texte des noms et des prénoms des utilisateurs de l’A.D.</div><div><br></div><div>. Vous pourrez alors vous l’envoyer par mail.</div><div><br></div><h3>Étape 5 : Réalisation du script</h3><div><br></div><div>Vous réaliserez le programme Python. Ce programme lira la liste des utilisateurs dans le fichier texte que vous avez récupéré. Ensuite il créera le fichier de script SQL pour créer tous les utilisateurs et leur donner le droit de connexion.</div><div><br></div><div>Le compte Oracle sera de la forme première lettre du prénom suivie du nom. Exemple : l’utilisateur Active Directoty “Alain LAMBERT” doit avoir le compte Oracle “ALAMBERT”.</div><div><br></div><h3>Étape 6 : Test du script</h3><div><br></div><div>Vous réaliserez l’ensemble des tests suivants pour 3 utilisateurs pris au hasard</div><div><br></div><div>que la connexion dans Oracle est possible</div><div>que la création d’une table est possible</div><div>Étape 7 : Rédaction d’un mode opératoire</div><div><br></div><div>Vous réaliserez un mode opératoire en français puis en anglais ou en espagnol. Ce mode opératoire précisera :</div><div><br></div><div>la récupération des utilisateurs dans l’Active Directory</div><div>l’utilisation du script Python</div><div>l’utilisation du script SQL généré</div><div><br></div><h3>Étape 8 : Première évolution de l’application</h3><div><br></div><div>Faire une nouvelle version du script Python permettant de gérer les prénoms composés et les caractères interdits dans les noms d’utilisateur Oracle.</div><div><br></div><div>exemple : Jean-Baptiste LEFLOC’H doit donner JBLEFLOCH</div><div><br></div><div>Pour tester cette évolution, vous utiliserez le jeu d’essai correspondant à l’OU “Toulouse”</div><div><br></div><h3>Étape 9 : Deuxième évolution de l’application</h3><div><br></div><div>Faire une nouvelle version du script Python permettant de générer les ordres SQL pour chaque utilisateur d’après un modèle (pattern) contenu dans un autre fichier de texte.</div><div><br></div><div>Exemple :</div><div><br></div><div>Si le fichier patternDropUser.txt contient</div><div><br></div><div>DROP USER XXXXX CASCADE;</div><div><br></div><div>Votre script Python générera les ordres SQL en remplaçant la chaîne XXXXX par les identifiants des utilisateurs.</div><div><br></div><div>DROP USER MALHEINC CASCADE;</div><div><br></div><div>DROP USER AALLAIN CASCADE;</div><div><br></div><div>DROP USER JAOUSTIN CASCADE;</div><div><br></div><div>…</div><div><br></div><div>N.B. : le fichier modèle pourra contenir plusieurs lignes.</div><div><br></div><h3>Étape 10 : Troisième évolution de l’application</h3><div><br></div><div>Faire une nouvelle version du script Python permettant de générer les paramètres en ligne de commande. Il sera ainsi possible de lancer le script dans un terminal sous Linux de la manière suivante :</div><div>python nomDeVotreScript nomFichierPattern NomFichierUtilisateurs NomFichierSQLGenere</div><div><br></div><h3>Étape 11 : Quatrième évolution de l’application</h3><div><br></div><div>Si des utilisateurs ont des noms ou des prénoms comportant des lettres avec accents, il est possible que votre script supprime purement et simplement ces lettres, ce qui peut rendre le nom de compte moins lisible ou surprenant pour cet utilisateur.</div><div>Dressez une liste d’équivalences entre lettres sans accents et lettres avec accents en prenant appui sur le fichier “userSIOA3_avec_accents.csv”présent sur la FOAD. Vous pourrez, si vous le souhaitez, étendre la liste d’équivalence à des caractères non présents dans ce fichier.</div><div>Grâce à cette liste, faire une nouvelle version du script Python permettant de traduire les lettres avec accents en lettres équivalentes sans accents.</div><div>Vous utiliserez le fichier fourni pour tester votre script.</div><h3><br>Étape 12 : Cinquième évolution de l’application</h3><div><br></div><div>Il est possible que 2 utilisateurs recensés dans le fichier de départ aboutissent au même nom de compte. Par exemple Mr KARI Jo et Mme KARI Joëlle le même nom compte “jkari”.</div><div><br></div><div>Faire une nouvelle version du script Python permettant de tester l’existence de doublons et de les gérer.</div><div><br></div><div>Soit votre script génère automatiquement des noms de compte différents (“jkari”, “jkari1”, etc)</div><div><br></div><div>tout en signalant ce traitement spécial à l’utilisateur.</div><div><br></div><div>Soit votre script entre alors en mode intéractif pour demander à l’utilisateur de modifier manuellement les noms en double générés.                                </div>','2014-10-07 11:10:19',1,0,'ppe1-projet-python-cahier-des-charges','page',NULL),(17,'test','','2014-10-07 10:51:23',0,0,'test','page',NULL),(18,'test','','2014-10-07 10:51:19',0,0,'test','page',NULL),(19,'PPE1 - Projet Python - Réalisation et explications','\r\n\r\n\r\n\r\n<h1>Réalisation et explications</h1><div><br></div><h2>Réalisation &amp; explications</h2><div><br></div><div>Nous devions programmer une application en python qui devait être capable de générer du code SQL via une base de donnée contenu dans un fichier texte.</div><div><br></div><div>Ce projet était divisé en 9 étapes et chaque étapes avait son importance.</div><div><br></div><div>Les premières étapes consistaient à découvrir l’environnement de développement dans lequel nous allions travailler toute la semaine. Nous avons donc travaillé sous VMware vSphere Client qui est &nbsp;plate-forme de virtualisation de nouvelle génération. Ensuite à l’intérieur de ce cloud nous avons activé une machine virtuelle avec comme système d’exploitation Linux. Pour finir, pour pouvoir générer du code python nous avons utilisé &nbsp;IDLE ainsi que SQL Developper pour tester le code SQL généré.</div><div><br></div><div>Après avoir découvert ces logiciels nous avons commencé à écrire notre premier programme, ce qui correspond à l’étape 5. Ce programme consistait à générer un script SQL grâce à du python qui nous permettrait de créer des utilisateurs dans une base de donnée.</div><div><br></div><div><img src=\"http://baptistedixneuf.fr/images/ppe1/etape5.png\" alt=\"\"><br></div><div><br></div><div><span style=\"color: rgb(102, 102, 102); font-family: \'Lucida Grande\', Arial, \'Lucida Sans Unicode\', sans-serif; font-size: 13px; line-height: 19.5px;\">Ensuite l’étape 6 consistait à tester notre script dans la base de donnée gérée par&nbsp;SQL Developper :</span><br></div><div><span style=\"color: rgb(102, 102, 102); font-family: \'Lucida Grande\', Arial, \'Lucida Sans Unicode\', sans-serif; font-size: 13px; line-height: 19.5px;\"><br></span></div><div><img src=\"http://baptistedixneuf.fr/images/ppe1/etape6.png\" alt=\"\"><span style=\"color: rgb(102, 102, 102); font-family: \'Lucida Grande\', Arial, \'Lucida Sans Unicode\', sans-serif; font-size: 13px; line-height: 19.5px;\"><br></span></div><div><br></div><div><p style=\"border: 0px; font-family: \'Lucida Grande\', Arial, \'Lucida Sans Unicode\', sans-serif; font-size: 13px; margin-bottom: 1.5em; outline: 0px; padding: 0px; vertical-align: baseline; color: rgb(102, 102, 102); line-height: 19.5px;\">L’étape 7 consistait à écrire un mode opératoire en français et en anglais, pour expliquer le fonctionnement du logiciel.</p><p style=\"border: 0px; font-family: \'Lucida Grande\', Arial, \'Lucida Sans Unicode\', sans-serif; font-size: 13px; margin-bottom: 1.5em; outline: 0px; padding: 0px; vertical-align: baseline; color: rgb(102, 102, 102); line-height: 19.5px;\">Rédaction d’un mode opératoire en français et en anglais.</p><br><table border=\"1\" width=\"740\" cellspacing=\"0\" cellpadding=\"0\" style=\"border: 0px; font-family: \'Lucida Grande\', Arial, \'Lucida Sans Unicode\', sans-serif; font-size: 13px; margin: 0px 0px 1.5em; outline: 0px; padding: 0px; vertical-align: baseline; border-collapse: separate; width: 600px; color: rgb(102, 102, 102); line-height: 19.5px; background-color: rgb(255, 255, 255);\"><tbody style=\"border: 0px; font-family: inherit; font-style: inherit; font-weight: inherit; margin: 0px; outline: 0px; padding: 0px; vertical-align: baseline;\"><tr style=\"border: 0px; font-family: inherit; font-style: inherit; font-weight: inherit; margin: 0px; outline: 0px; padding: 0px; vertical-align: baseline;\"><td valign=\"top\" width=\"371\" style=\"border: 0px; font-family: inherit; font-style: inherit; margin: 0px; outline: 0px; padding: 0px; vertical-align: baseline;\"><b>Mode opératoire</b></td><td valign=\"top\" width=\"369\" style=\"border: 0px; font-family: inherit; font-style: inherit; margin: 0px; outline: 0px; padding: 0px; vertical-align: baseline;\"><b>Procedure</b></td></tr><tr style=\"border: 0px; font-family: inherit; font-style: inherit; font-weight: inherit; margin: 0px; outline: 0px; padding: 0px; vertical-align: baseline;\"><td valign=\"top\" width=\"371\" style=\"border: 0px; font-family: inherit; font-style: inherit; margin: 0px; outline: 0px; padding: 0px; vertical-align: baseline;\">Récupération des utilisateurs dans l’Active Directory :<br>-Aller sur le serveur CD-STESIO (172.15.11.110)<br>-Se connecter avec le compte btssio/JOL! a partir du poste prof<br>-Puis extraire le fichier des utilisateurs Marseille en faisant :<br>-Dans les outils d’administration, choisissez &nbsp; &nbsp; &nbsp; &nbsp; &nbsp;“Utilisateurs et ordinateurs Active Directory”<br>-Développez le noeud&nbsp;<span class=\"skimlinks-unlinked\" style=\"border: 0px; font-family: inherit; font-style: inherit; font-weight: inherit; margin: 0px; outline: 0px; padding: 0px; vertical-align: baseline;\">stesio.net</span>, puis l’unité d’organisation “Finances/Marseille”<br>-Sélectionnez le noeud “Utilisateurs”, cliquez droit sur “Exporter la liste…” au format texte (délimité par des tabulations) pour obtenir un fichier texte des noms et des prénoms des utilisateurs de l’A.D.</td><td valign=\"top\" width=\"369\" style=\"border: 0px; font-family: inherit; font-style: inherit; margin: 0px; outline: 0px; padding: 0px; vertical-align: baseline;\">Recovery of users in Active Directory :<br>-Go on the server CD-STESIO (172.15.11.110)<br>-Log in with the account btssio / JOL! from the teacher station<br>-Then extract the files of the users Marseilles by:<br>-In Administrative Tools, select \"Active Directory Users and Computers\"<br>-Expand the node&nbsp;<span class=\"skimlinks-unlinked\" style=\"border: 0px; font-family: inherit; font-style: inherit; font-weight: inherit; margin: 0px; outline: 0px; padding: 0px; vertical-align: baseline;\">stesio.net</span>&nbsp;then the organizational unit \"Finance / Marseille\"<br>-Select the node \"Users\", click right on \"Export List …\" with the “text “format \"(delimited by tabulation) to get a text file of names and first names of users of the AD</td></tr><tr style=\"border: 0px; font-family: inherit; font-style: inherit; font-weight: inherit; margin: 0px; outline: 0px; padding: 0px; vertical-align: baseline;\"><td valign=\"top\" width=\"371\" style=\"border: 0px; font-family: inherit; font-style: inherit; margin: 0px; outline: 0px; padding: 0px; vertical-align: baseline;\">L’utilisation du script Python :<br>-Utiliser une machine Linux<br>-Créer un dossier contenant tous les fichier utile ( utilisateur&nbsp;<span class=\"skimlinks-unlinked\" style=\"border: 0px; font-family: inherit; font-style: inherit; font-weight: inherit; margin: 0px; outline: 0px; padding: 0px; vertical-align: baseline;\">Marseille.txt</span>)<br>-Ouvrir Python<br>-Ouvrir ou copier ou écrire le script<br>-Exécuter le script avec le chemin correspondant au fichier cité au dessus.</td><td valign=\"top\" width=\"369\" style=\"border: 0px; font-family: inherit; font-style: inherit; margin: 0px; outline: 0px; padding: 0px; vertical-align: baseline;\">The use of Python script :<br>-Use a Linux station<br>-Create a folder containing all useful files (user<span class=\"skimlinks-unlinked\" style=\"border: 0px; font-family: inherit; font-style: inherit; font-weight: inherit; margin: 0px; outline: 0px; padding: 0px; vertical-align: baseline;\">Marseille.txt</span>)<br>-Open Python-Open or copy or write the script<br>-Run the script with the path corresponding to the above file.</td></tr><tr style=\"border: 0px; font-family: inherit; font-style: inherit; font-weight: inherit; margin: 0px; outline: 0px; padding: 0px; vertical-align: baseline;\"><td valign=\"top\" width=\"371\" style=\"border: 0px; font-family: inherit; font-style: inherit; margin: 0px; outline: 0px; padding: 0px; vertical-align: baseline;\">L’utilisation du script SQL généré :<br>-Utiliser une machine Linux<br>-Démarrer la base de donnée avec la commande suivante dans un terminal :su<br>-Mdp : joliverieservice oracle-xe restart<br>-Puis ouvrir SQL developer<br>-Se connecter en “system”-Ouvrir le fichier .sql généré par le code python<br>-Exécuter le code SQL</td><td valign=\"top\" width=\"369\" style=\"border: 0px; font-family: inherit; font-style: inherit; margin: 0px; outline: 0px; padding: 0px; vertical-align: baseline;\">Using the generated SQL script :<br>-Use a Linux station<br>-Start the database with the following command in a terminal:su<br>-mdp: Joliverieservice oracle-xe restart<br>-Then open SQL developer-Log in as “system”<br>-Open the file. Sql generated by python code<br>-Run the SQL</td></tr></tbody></table><span style=\"color: rgb(0, 0, 0); font-family: \'Lucida Grande\', Arial, \'Lucida Sans Unicode\', sans-serif; font-size: 13px; line-height: 19.5px;\">L’étape 8 consistait à faire évoluer le script pour qu’il puisse gérer les prénom composé et les caractères interdits</span><br></div><div><span style=\"color: rgb(0, 0, 0); font-family: \'Lucida Grande\', Arial, \'Lucida Sans Unicode\', sans-serif; font-size: 13px; line-height: 19.5px;\"><br></span></div><div><img src=\"http://baptistedixneuf.fr/images/ppe1/etape8.png\" alt=\"\"><span style=\"color: rgb(0, 0, 0); font-family: \'Lucida Grande\', Arial, \'Lucida Sans Unicode\', sans-serif; font-size: 13px; line-height: 19.5px;\"><br></span></div><div><br></div><div><div>Pour les prénoms composés : Tmots[1][0]+Tmots[2][0]+Tmots[0] # Extraction de la première lettre du deuxième mots soit la première partie du prénom.</div><div>Puis extraction de la première lettre du troisième mot soit la deuxième partie du prénom et enfin les deux lettre son rajouter au premier mot soit la nom</div><div><br></div><div>Enfin, la dernière étape avait pour objet, de faire une nouvelle version du script Python permettant de générer les ordres SQL pour chaque utilisateur d’après un modèle (pattern) contenu dans un autre fichier de texte.</div></div><div><br></div><div><img src=\"http://baptistedixneuf.fr/images/ppe1/etape9.png\" alt=\"\"><br></div>','2014-10-07 11:19:48',1,0,'ppe1-projet-python-realisation-explications','page',NULL),(20,'Stage 1 - Déroulement du stage','<span style=\"color: inherit; font-family: inherit; font-size: 38.5px; font-weight: bold; line-height: 40px;\">Déroulement du stage</span><h2><span style=\"color: inherit; font-family: inherit; font-size: 31.5px;\">MISSION 1 : Découverte </span><br></h2><div><ul><li><b>Le framework PHP CodeIgniter </b></li></ul><div><b><br></b></div></div><div>CodeIgniter est un cadre développement (framework) PHP. Il s\'agit d\'une boite à outils d\'aide à la construction de sites web. Son but est de vous permettre d\'améliorer le temps de développement de vos projets en vous fournissant un ensemble complet de bibliothèques prenant à leur charge les tâches les plus répétitives, offrant une interface simple et structure logique pour utiliser ces bibliothèques.</div><div><br></div><div><ol><li>Lecture de la documentation sur <a href=\"http://codeigniter.fr/user_guide/index.html\" title=\"http://codeigniter.fr/user_guide/index.html\">http://codeigniter.fr/user_guide/index.html</a></li><li>Création d\'un mini-projet ( système de login) pour comprendre le framework ( code dispo <a href=\"https://github.com/BaptisteDixneuf/ci_login\" title=\"ici \">ici </a>)</li></ol></div><div><span style=\"white-space: pre-wrap; line-height: 1.15; color: rgb(0, 0, 0); font-family: Calibri; font-size: 15px; background-color: transparent;\"><br></span></div><div><ul><li><span style=\"color: rgb(0, 0, 0); font-family: Calibri; font-size: 15px; line-height: 1.15; white-space: pre-wrap; background-color: transparent;\"> <b>Découverte de SASS </b></span></li></ul><div><font color=\"#000000\" face=\"Calibri\"><span style=\"font-size: 15px; line-height: 17.25px; white-space: pre-wrap;\">Sass (Syntactically Awesome Stylesheets) est un langage de génération dynamique de feuilles de style</span><b style=\"font-size: 15px; line-height: 17.25px; white-space: pre-wrap;\"><br></b></font></div></div><div><ol><li><font color=\"#000000\" face=\"Calibri\"><span style=\"font-size: 15px; line-height: 17.25px; white-space: pre-wrap;\">Correction de bug mineure</span></font></li></ol><div><font color=\"#000000\" face=\"Calibri\"><span style=\"font-size: 15px; line-height: 17.25px; white-space: pre-wrap;\"><br></span></font></div><div><ul><li><font color=\"#000000\" face=\"Calibri\"><span style=\"font-size: 15px; line-height: 17.25px; white-space: pre-wrap;\"><b>Mise en pratique du versioning</b></span></font></li></ul><div><span style=\"color: rgb(78, 68, 60); font-family: Georgia, \'Times New Roman\', serif; line-height: 22px; background-color: rgb(252, 252, 250);\"> Un gestionnaire de version est un système qui enregistre l\'évolution d\'un fichier ou d\'un ensemble de fichiers au cours du temps de manière à ce qu\'on puisse rappeler une version antérieure d\'un fichier à tout moment.</span><font color=\"#000000\" face=\"Calibri\"><span style=\"font-size: 15px; line-height: 17.25px; white-space: pre-wrap;\"><b><br></b></span></font></div><div><span style=\"color: rgb(78, 68, 60); font-family: Georgia, \'Times New Roman\', serif; line-height: 22px; background-color: rgb(252, 252, 250);\"><br></span></div><div><span id=\"docs-internal-guid-909f9e3f-3cf2-e99a-e8da-b64f173ddb38\"><ol style=\"margin-top:0pt;margin-bottom:0pt;\"><li dir=\"ltr\" style=\"list-style-type: decimal; font-size: 15px; font-family: Calibri; color: rgb(0, 0, 0); vertical-align: baseline; background-color: transparent;\"><p dir=\"ltr\" style=\"line-height:1.1500000000000001;margin-top:0pt;margin-bottom:0pt;\"><span style=\"vertical-align: baseline; white-space: pre-wrap; background-color: transparent;\">Réalisation du versionning grâce à GitLab en mode commande </span></p></li><ul style=\"margin-top:0pt;margin-bottom:0pt;\"><li dir=\"ltr\" style=\"list-style-type: disc; font-size: 15px; font-family: Arial; color: rgb(0, 0, 0); vertical-align: baseline; background-color: transparent;\"><p dir=\"ltr\" style=\"line-height:1.1500000000000001;margin-top:0pt;margin-bottom:0pt;\"><span style=\"font-family: Calibri; vertical-align: baseline; white-space: pre-wrap; background-color: transparent;\">Connexion au serveur en ssh</span></p></li><li dir=\"ltr\" style=\"list-style-type: disc; font-size: 15px; font-family: Arial; color: rgb(0, 0, 0); vertical-align: baseline; background-color: transparent;\"><p dir=\"ltr\" style=\"line-height:1.1500000000000001;margin-top:0pt;margin-bottom:0pt;\"><span style=\"font-family: Calibri; vertical-align: baseline; white-space: pre-wrap; background-color: transparent;\">Ajout des fichiers pour le commit \"</span><span style=\"font-family: Calibri; font-weight: bold; vertical-align: baseline; white-space: pre-wrap; background-color: transparent;\">git add -A *</span><span style=\"font-family: Calibri; vertical-align: baseline; white-space: pre-wrap; background-color: transparent;\">\"</span></p></li><li dir=\"ltr\" style=\"list-style-type: disc; font-size: 15px; font-family: Arial; color: rgb(0, 0, 0); vertical-align: baseline; background-color: transparent;\"><p dir=\"ltr\" style=\"line-height:1.1500000000000001;margin-top:0pt;margin-bottom:0pt;\"><span style=\"font-family: Calibri; vertical-align: baseline; white-space: pre-wrap; background-color: transparent;\">Affichage des fichiers modifiés grâce à \"</span><span style=\"font-family: Calibri; font-weight: bold; vertical-align: baseline; white-space: pre-wrap; background-color: transparent;\">git status\"</span></p></li><li dir=\"ltr\" style=\"list-style-type: disc; font-size: 15px; font-family: Arial; color: rgb(0, 0, 0); vertical-align: baseline; background-color: transparent;\"><p dir=\"ltr\" style=\"line-height:1.1500000000000001;margin-top:0pt;margin-bottom:0pt;\"><span style=\"font-family: Calibri; vertical-align: baseline; white-space: pre-wrap; background-color: transparent;\">Commit des fichiers modifiés \" </span><span style=\"font-family: Calibri; font-weight: bold; vertical-align: baseline; white-space: pre-wrap; background-color: transparent;\">git commit -m \"traductions\"</span><span style=\"font-family: Calibri; vertical-align: baseline; white-space: pre-wrap; background-color: transparent;\">\" ( 15 files changed, 285 insertions(+), 105 deletions(-))</span></p></li><li dir=\"ltr\" style=\"list-style-type: disc; font-size: 15px; font-family: Arial; color: rgb(0, 0, 0); vertical-align: baseline; background-color: transparent;\"><p dir=\"ltr\" style=\"line-height:1.1500000000000001;margin-top:0pt;margin-bottom:0pt;\"><span style=\"font-family: Calibri; vertical-align: baseline; white-space: pre-wrap; background-color: transparent;\">Pull des modifications réalisées par les autres \" git pull origin develop\"</span></p></li><li dir=\"ltr\" style=\"list-style-type: disc; font-size: 15px; font-family: Arial; color: rgb(0, 0, 0); vertical-align: baseline; background-color: transparent;\"><p dir=\"ltr\" style=\"line-height:1.1500000000000001;margin-top:0pt;margin-bottom:0pt;\"><span style=\"font-family: Calibri; vertical-align: baseline; white-space: pre-wrap; background-color: transparent;\">Gestion des conflits</span></p></li><li dir=\"ltr\" style=\"list-style-type: disc; font-size: 15px; font-family: Arial; color: rgb(0, 0, 0); vertical-align: baseline; background-color: transparent;\"><p dir=\"ltr\" style=\"line-height:1.1500000000000001;margin-top:0pt;margin-bottom:0pt;\"><span style=\"font-family: Calibri; vertical-align: baseline; white-space: pre-wrap; background-color: transparent;\">Ajout des fichiers modifiés suite à la gestion des conflits \"</span><span style=\"font-family: Calibri; font-weight: bold; vertical-align: baseline; white-space: pre-wrap; background-color: transparent;\">git add -A *</span><span style=\"font-family: Calibri; vertical-align: baseline; white-space: pre-wrap; background-color: transparent;\">\"</span></p></li><li dir=\"ltr\" style=\"list-style-type: disc; font-size: 15px; font-family: Arial; color: rgb(0, 0, 0); vertical-align: baseline; background-color: transparent;\"><p dir=\"ltr\" style=\"line-height:1.1500000000000001;margin-top:0pt;margin-bottom:0pt;\"><span style=\"font-family: Calibri; vertical-align: baseline; white-space: pre-wrap; background-color: transparent;\">Réalisation d\'un second commit ( \" git commit -m \"fix conflict in get_ask_contact_start\")</span></p></li><li dir=\"ltr\" style=\"list-style-type: disc; font-size: 15px; font-family: Arial; color: rgb(0, 0, 0); vertical-align: baseline; background-color: transparent;\"><p dir=\"ltr\" style=\"line-height:1.1500000000000001;margin-top:0pt;margin-bottom:0pt;\"><span style=\"font-family: Calibri; vertical-align: baseline; white-space: pre-wrap; background-color: transparent;\">Réalisation d\'autre pull</span></p></li><li dir=\"ltr\" style=\"list-style-type: disc; font-size: 15px; font-family: Arial; color: rgb(0, 0, 0); vertical-align: baseline; background-color: transparent;\"><p dir=\"ltr\" style=\"line-height:1.1500000000000001;margin-top:0pt;margin-bottom:0pt;\"><span style=\"font-family: Calibri; vertical-align: baseline; white-space: pre-wrap; background-color: transparent;\">Puis push</span></p></li></ul></ol><div><font color=\"#000000\" face=\"Calibri\"><span style=\"font-size: 15px; line-height: 17.25px; white-space: pre-wrap;\"><br></span></font></div></span></div></div><h2><span style=\"font-weight: normal;\">MISSION 2 : Mise en place d\'un système permettant l\'affichage du site en plusieurs langue</span></h2></div><div><b><br></b></div><div><ul style=\"margin-top:0pt;margin-bottom:0pt;\"><li><b>Mise en place de la traduction sur l\'ensemble des vues:</b></li></ul><ol><li>Repérage des textes en français dans les vues ( + 700 vues sur l\'ensemble du projet Gladys)</li><li>Création d\'un fichier pour chaque langue contenant toutes les traductions du type suivant:</li><li>$lang[\'language_key\'] = \"The actual message to be shown\";</li><li>On remplace les textes dans les vues par la variable du fichier langue  par $this->lang->line(\'language_key\');</li></ol><div><br></div><div><ul><li><b>Refonte du Système de notifications</b><br></li></ul><div>Problème rencontré: deux utilisateurs utilisent la plateforme Gladys ( un anglais et un français), si le français publie une info qu\'il partage avec l\'anglais, l\'anglais reçoit une notification en français car c\'est l\'émetteur qui génère la notification. On souhaite générer la notification dans la langue du destinataire, donc il est nécessaire d\'avoir les textes des notifications dans toutes les langues pour chaque utilisateur quand il la génère:<br></div></div></div><div><ol><li>Création d\'un nouveau fichiers \"hg_multi_lang.php\" qui contient les notifications dans toutes les langues</li><li>création d\'une fonction qui permet de trouver la langue d\'un destinataire en fonction de son id $user_lang = $this->hg_user->get_user_lang(id_destinataire);</li></ol><div><br></div><div><ul><li><p class=\"MsoNormal\"><b>Gestion des mails\r\nen diverses langues sur le même principe que les notifications</b></p></li></ul><div><b><br></b></div></div></div><h2><span style=\"font-weight: normal;\">MISSION 3 : Test fonctionnel</span></h2><div><b><br></b></div><div><ul><li><b>Test fonctionnel des traductions</b><br></li></ul><ol><li>Réalisation de scénario</li></ol><div><p class=\"MsoNormal\">→ test invitation </p>\r\n\r\n\r\n\r\n\r\n<p class=\"MsoNormal\">→ création de compte </p><p class=\"MsoNormal\">→ création d\'une bulle <br></p>\r\n\r\n\r\n\r\n\r\n<p class=\"MsoNormal\">→ création d\'une info et réactions</p>\r\n\r\n\r\n\r\n\r\n<p class=\"MsoNormal\">→  Agenda<br></p>\r\n\r\n\r\n\r\n\r\n<p class=\"MsoNormal\">→ Upload photo </p>\r\n\r\n\r\n\r\n\r\n<p class=\"MsoNormal\">→ parcours entre les infos </p>\r\n\r\n\r\n\r\n\r\n<p class=\"MsoNormal\">→ création, édition, lien bulles, suppression tag </p>\r\n\r\n\r\n\r\n\r\n<p class=\"MsoNormal\">→ profil ok ( photo, sécurité, fonctions) </p>\r\n\r\n\r\n\r\n\r\n<p class=\"MsoNormal\">→ profil et comptes</p>\r\n\r\n\r\n\r\n\r\n<p class=\"MsoNormal\">→ comptes</p><p class=\"MsoNormal\">→ ...<br></p><p class=\"MsoNormal\"><br></p><p class=\"MsoNormal\"></p><ul><li><b>Test fonctionnelle sur IE9 ET IE10 et correction</b></li></ul><div>En voici une petite liste:</div><p class=\"MsoNormal\"></p><ul><li>Bug de l\'an 1970 et\r\n2069<br></li></ul><p></p><div>\r\n\r\n\r\n\r\n\r\n<p class=\"MsoNormal\">Quand on change l\'échelle sur la Timeline on arrive sur fin décembre 2069 ou début janvier 1970</p>\r\n\r\n\r\n\r\n\r\n<p class=\"MsoNormal\">→ problème de redirection quand on changeait l\'échelle du\r\ngraphique ( AngularJS)</p>\r\n\r\n\r\n\r\n\r\n<p class=\"MsoNormal\"></p><ul><li><b> </b>Problème de croix\r\najouté sur les champs de type recherche par internet Explorer sur IE<br></li></ul><p></p>\r\n\r\n\r\n\r\n\r\n<p class=\"MsoNormal\">-> Modification de feuille CSS (SASS)</p>\r\n\r\n\r\n\r\n\r\n<p class=\"MsoNormal\"></p><ul><li><o:p> </o:p>Problème d\'affichage\r\ndu chrono sur IE<br></li></ul><p></p>\r\n\r\n\r\n\r\n\r\n<p class=\"MsoNormal\">-> Modification des script JavaScript</p><p class=\"MsoNormal\"><br></p><p class=\"MsoNormal\"></p><ul><li><b>Test fonctionnelle sur Safari 7 et 6 sur Browserstarck suite\r\nà l\'analyse d\'un taux de rebond élevée sur Google Analytics avec le\r\nmanager/commercial<br></b></li></ul><p></p></div><p class=\"MsoNormal\"><br></p><h2><span style=\"font-weight: normal;\">MISSION 4 : Analyse des systèmes de paiement en ligne</span></h2>\r\n\r\n\r\n\r\n\r\n<p class=\"MsoNormal\"><br></p><p class=\"MsoNormal\">Rédaction en cours....</p></div></div>','2014-10-07 10:52:43',1,0,'stage1-deroulement-stage','page',NULL);
/*!40000 ALTER TABLE `pages` ENABLE KEYS */;
UNLOCK TABLES;

--
-- Table structure for table `pockets`
--

DROP TABLE IF EXISTS `pockets`;
/*!40101 SET @saved_cs_client     = @@character_set_client */;
/*!40101 SET character_set_client = utf8 */;
CREATE TABLE `pockets` (
  `id` int(11) NOT NULL AUTO_INCREMENT,
  `given_url` text NOT NULL,
  `time_added` int(11) NOT NULL,
  PRIMARY KEY (`id`)
) ENGINE=MyISAM AUTO_INCREMENT=297 DEFAULT CHARSET=utf8;
/*!40101 SET character_set_client = @saved_cs_client */;

--
-- Dumping data for table `pockets`
--

LOCK TABLES `pockets` WRITE;
/*!40000 ALTER TABLE `pockets` DISABLE KEYS */;
INSERT INTO `pockets` VALUES (296,'http://php.net/manual/fr/language.operators.comparison.php',1409955269),(295,'http://www.ouest-france.fr/',1409955210),(294,'http://www.producthunt.com/',1409902765),(293,'http://thenews.im/#',1409902817),(292,'https://www.cookiechoices.org/',1409910600),(291,'http://kiosque.leditiondusoir.fr/data/313/reader/reader.html#preferred/1/package/313/pub/314/page/10',1409910789),(289,'http://www.wifeo.com/code/',1409938365),(290,'http://uilang.com/',1409938310),(288,'http://techmeup.co/',1409938409),(287,'http://www.iooner.me/',1409938464),(286,'http://fr.openclassrooms.com/',1409938527),(285,'http://www.grafikart.fr/',1409938540),(284,'http://code-de-porc.tumblr.com/',1409938552),(283,'http://www.commitstrip.com/fr/',1409938576),(282,'http://beautifulopen.com/',1409938586),(281,'http://zestedesavoir.com/',1409938604),(280,'http://dreamvids.fr/',1409938720),(279,'http://blog.smarchal.com/guide-installation-sass-avec-sublime-text-3',1409941214),(277,'http://www.nextinpact.com/',1409942401),(278,'http://www.numerama.com/',1409941410),(276,'http://www.webisn.byethost5.com/',1409942419),(275,'https://imgur.com/',1409942429),(274,'https://www.udacity.com/course/ud853',1409942447),(273,'http://color.hailpixel.com/',1409942466),(272,'http://flatuicolors.com/',1409942473),(271,'http://la-cascade.ghost.io/une-liste-de-raccourcis-emmet/',1409942480),(269,'http://www.ouest-france.fr/',1409954148),(270,'https://www.youtube.com/watch?feature=trueview-instream&v=vdOlYGbWIrc',1409945445);
/*!40000 ALTER TABLE `pockets` ENABLE KEYS */;
UNLOCK TABLES;

--
-- Table structure for table `posts`
--

DROP TABLE IF EXISTS `posts`;
/*!40101 SET @saved_cs_client     = @@character_set_client */;
/*!40101 SET character_set_client = utf8 */;
CREATE TABLE `posts` (
  `id` int(11) NOT NULL AUTO_INCREMENT,
  `name` varchar(255) DEFAULT NULL,
  `content` text,
  `created` datetime DEFAULT NULL,
  `online` int(11) DEFAULT NULL,
  `type` varchar(255) DEFAULT NULL,
  `slug` varchar(255) DEFAULT NULL,
  `user_id` int(11) DEFAULT NULL,
  `id_category` int(11) NOT NULL,
  PRIMARY KEY (`id`),
  KEY `fk_posts_users1_idx` (`user_id`)
) ENGINE=MyISAM AUTO_INCREMENT=70 DEFAULT CHARSET=utf8;
/*!40101 SET character_set_client = @saved_cs_client */;

--
-- Dumping data for table `posts`
--

LOCK TABLES `posts` WRITE;
/*!40000 ALTER TABLE `posts` DISABLE KEYS */;
INSERT INTO `posts` VALUES (32,'Bienvenue sur mon blog','<p>Ce blog est dédié à mes deux années de BTS SIO (Services Informatiques aux Organisations) au Lycée Saint-Pierre La Joliverie à Saint-Sébastien.</p>\r\n<p>&nbsp;</p>\r\n<p>Voici un petit cadeau pour vous:&nbsp;</p><p><img src=\"http://baptistedixneuf.fr/images/Strips-Education-codée-600-final.png\"><br></p><p><img src=\"http://baptistedixneuf.fr/images/3yed2r.jpg\"><br></p>','2014-03-10 08:59:21',1,'post','bienvenue-sur-mon-blog',1,16),(51,'Vidéo du jour: L\'importance du code','<p>L\'association&nbsp;<a href=\"http://code.org/\" target=\"_blank\" rel=\"nofollow\">Code.org</a>&nbsp;est partie d\'une constat alarmant : la plupart de la population ne sait pas coder alors que les nouvelles technologies ont largement envahi notre quotidien, et que bon nombre de nouveaux postes, requièrent ce genre de compétences.</p>\r\n<p>Aisni, dans cette vidéo,&nbsp;<a href=\"http://code.org/\" target=\"_blank\" rel=\"nofollow\">Code.org</a>&nbsp;revient sur l\'importance d\'&nbsp;<strong><span class=\"txtQuote\">apprendre à programmer.</span></strong></p>\r\n<p>Bon visionnage !&nbsp;</p>\r\n<p><iframe src=\"//www.youtube.com/embed/nKIu9yen5nc?list=PLzdnOPI1iJNe1WmdkMG-Ca8cLQpdEAL7Q\" width=\"560\" height=\"315\" frameborder=\"0\" allowfullscreen=\"allowfullscreen\"></iframe></p>','2014-04-01 11:32:57',1,'post','importance-du-code',1,16),(55,'Les développeurs','<p>Pr&eacute;sentation des plus grands d&eacute;veloppeurs au monde et plus particuli&egrave;rement en France:<br /><br /></p>\r\n<p><iframe src=\"http://www.dailymotion.com/embed/video/x1obm6h\" width=\"480\" height=\"270\" frameborder=\"0\" allowfullscreen=\"allowfullscreen\"></iframe><br /><a href=\"http://www.dailymotion.com/video/x1obm6h_conf-42-facebook-why-hackers-will-rule-the-world_tech\" target=\"_blank\">CONF@42 - Facebook - Why hackers will rule the...</a> <em>par <a href=\"http://www.dailymotion.com/42Born2Code\" target=\"_blank\">42Born2Code</a></em></p>','2014-04-16 11:43:55',1,'post','les-developpeurs',1,0),(56,'Serveur du site baptistedixnneuf.fr','<p>Aujourd\'hui, petit article sur le serveur du site&nbsp;<a href=\"/\">baptistedixneuf.fr</a>.</p>\r\n<p>Ce site repose sur un VPS qui est un serveur privé virtuel qui permet d’héberger des sites (vitrine, e-commerce, contenus, médias…) et&nbsp;/&nbsp;ou des applications logicielles, principalement Web (portail, extranet, solutions collaboratives, wiki, CRM...) .</p>\r\n<p style=\"text-align: justify;\">L\'hébergeur choisi pour ce site est OVH, hébergeur de&nbsp;sites web&nbsp;français. Il propose des&nbsp;serveurs dédiés, des&nbsp;serveurs privés, de l\'hébergement mutualisé, des services de&nbsp;Cloud computing, de la&nbsp;fourniture d\'accès Internet&nbsp;par lignes&nbsp;ADSL&nbsp;ainsi que&nbsp;SDSL, l\'enregistrement de&nbsp;noms de domaine, ainsi que de la&nbsp;téléphonie sur IP.</p>\r\n<p style=\"text-align: justify;\">Découvrez dans cette infographie 10 cas d\'usage emblématiques, associés à différents profils d\'utilisateur.</p><p style=\"text-align: justify;\"><img src=\"http://baptistedixneuf.fr/images/infographieVPS.png\"><br></p>\r\n\r\n<p style=\"text-align: justify;\">Jusqu\'à maintenant, je suis satisfait du vps, aucun souci</p>\r\n<p style=\"text-align: justify;\">Pour en revenir, au serveur,&nbsp;j\'ai installé un&nbsp;serveur&nbsp;LAMP =&nbsp;<a href=\"http://www.commentcamarche.net/contents/643-introduction-a-linux\">Linux</a>+<a href=\"http://www.commentcamarche.net/s/apache\">Apache</a>+<a href=\"http://www.commentcamarche.net/download/telecharger-84-mysql\">MySql</a>+<a href=\"http://www.commentcamarche.net/contents/1351-introduction-a-php\">Php</a>. C\'est le serveur web par excellence.&nbsp;</p>\r\n<p style=\"text-align: justify;\">La suite, au prochain tutoriel&nbsp;où nous aborderons les différentes étapes d\'installation d\'un serveur LAMP sous Debian.</p>\r\n<p style=\"text-align: justify;\">Lien vers <a href=\"/site/pages/turoriels-4\">Les tutoriels</a></p>\r\n<p style=\"text-align: justify;\">&nbsp;</p>','2014-06-06 07:31:25',1,'post','serveur-vps-ovh-baptistedixneuffr',1,16),(60,'Aaron Swartz : Le film','<h4>Un documentaire sur Aaron Swartz, un informaticien surdoué et militant d\'un Internet !</h4><p>A voir d\'urgence !</p><p><iframe width=\"560\" height=\"315\" src=\"//www.youtube.com/embed/7ZBe1VFy0gc\" frameborder=\"0\" allowfullscreen=\"\"></iframe><br></p><p><br></p>','2014-07-20 11:32:52',1,'post','aaron-swartz-le-film',1,16);
/*!40000 ALTER TABLE `posts` ENABLE KEYS */;
UNLOCK TABLES;

--
-- Table structure for table `users`
--

DROP TABLE IF EXISTS `users`;
/*!40101 SET @saved_cs_client     = @@character_set_client */;
/*!40101 SET character_set_client = utf8 */;
CREATE TABLE `users` (
  `id` int(11) NOT NULL AUTO_INCREMENT,
  `login` varchar(255) DEFAULT NULL,
  `password` varchar(255) DEFAULT NULL,
  `role` varchar(255) NOT NULL DEFAULT 'user',
  PRIMARY KEY (`id`)
) ENGINE=MyISAM AUTO_INCREMENT=2 DEFAULT CHARSET=utf8;
/*!40101 SET character_set_client = @saved_cs_client */;

--
-- Dumping data for table `users`
--

LOCK TABLES `users` WRITE;
/*!40000 ALTER TABLE `users` DISABLE KEYS */;
INSERT INTO `users` VALUES (1,'admin','16b93e678cd353c74bae2651cd1ce4f123a1ad20','admin');
/*!40000 ALTER TABLE `users` ENABLE KEYS */;
UNLOCK TABLES;
/*!40103 SET TIME_ZONE=@OLD_TIME_ZONE */;

/*!40101 SET SQL_MODE=@OLD_SQL_MODE */;
/*!40014 SET FOREIGN_KEY_CHECKS=@OLD_FOREIGN_KEY_CHECKS */;
/*!40014 SET UNIQUE_CHECKS=@OLD_UNIQUE_CHECKS */;
/*!40101 SET CHARACTER_SET_CLIENT=@OLD_CHARACTER_SET_CLIENT */;
/*!40101 SET CHARACTER_SET_RESULTS=@OLD_CHARACTER_SET_RESULTS */;
/*!40101 SET COLLATION_CONNECTION=@OLD_COLLATION_CONNECTION */;
/*!40111 SET SQL_NOTES=@OLD_SQL_NOTES */;

-- Dump completed on 2014-10-08 23:39:29
